customer_id,customer_segment,total_orders,avg_order_value,lifetime_value
22210238,New,6,3614.46666666667,21686.8
77869660,Premium,9,2116.99333333333,19052.94
8791577,Regular,8,2378.545,19028.36
26285589,New,7,2701.85285714286,18912.97
91196901,Premium,5,3771.222,18856.11
17805991,New,8,2301.2375,18409.9
17597449,Inactive,5,3571.468,17857.34
11478478,Inactive,6,2953.215,17719.29
25128143,Premium,7,2519.83285714286,17638.83
67092149,Premium,5,3514.486,17572.43
44410149,New,6,2925.44833333333,17552.69
12832151,Inactive,7,2454.09285714286,17178.65
93563435,New,6,2728.15666666667,16368.94
31940833,New,6,2727.61,16365.66
61226563,Regular,5,3251.284,16256.42
75244116,Inactive,5,3236.418,16182.09
63310076,Regular,5,3202.876,16014.38
93924203,Premium,6,2622.88166666667,15737.29
4597433,Inactive,6,2582.94666666667,15497.68
69863493,Regular,5,3098.43,15492.15
21461764,Premium,4,3864.76,15459.04
68159723,New,4,3858.6025,15434.41
11446157,Inactive,5,3062.246,15311.23
80517784,Regular,6,2525.54166666667,15153.25
67215939,New,4,3692.8975,14771.59
119099,Inactive,4,3692.1925,14768.77
92404798,New,6,2439.41333333333,14636.48
61753272,New,6,2423.11166666667,14538.67
16420489,New,5,2852.464,14262.32
59329145,Regular,4,3556.275,14225.1
57291761,Regular,6,2369.34666666667,14216.08
90665975,Inactive,5,2808.872,14044.36
65488134,New,5,2803.934,14019.67
31776996,New,4,3502.1875,14008.75
13604883,Premium,7,2000.37,14002.59
13164195,Premium,4,3478.985,13915.94
79206969,Regular,5,2776.644,13883.22
28663279,Premium,5,2772.376,13861.88
21573815,Premium,5,2749.812,13749.06
97678578,Regular,4,3417.04,13668.16
18465047,New,4,3406.5975,13626.39
85519349,New,4,3375.295,13501.18
46504355,Regular,5,2683.902,13419.51
2566268,Premium,5,2683.464,13417.32
90346920,New,4,3349.0975,13396.39
91243571,Inactive,4,3330.72,13322.88
66310963,Inactive,5,2647.438,13237.19
95971469,New,5,2646.136,13230.68
31456752,Premium,5,2645.994,13229.97
97825663,Regular,5,2638.576,13192.88
21948041,New,3,4379.04333333333,13137.13
68703613,Inactive,5,2627.134,13135.67
59890331,Premium,3,4376.25,13128.75
80571942,Regular,6,2188.055,13128.33
98444183,Regular,6,2186.82,13120.92
45477575,Inactive,5,2623.638,13118.19
29324437,Premium,4,3264.6025,13058.41
47625855,New,6,2176.11333333333,13056.68
29973346,Premium,5,2605.504,13027.52
63360864,Inactive,5,2591.442,12957.21
81822935,Regular,5,2589.534,12947.67
12277039,Regular,4,3215.1475,12860.59
76917159,Premium,5,2559.024,12795.12
99695529,New,3,4254.91,12764.73
41640262,Inactive,6,2126.79,12760.74
64562786,Inactive,4,3182.24,12728.96
11493380,Regular,4,3173.3475,12693.39
22694456,New,5,2537.136,12685.68
89968482,Regular,4,3152.7925,12611.17
20298398,New,5,2517.41,12587.05
85626346,Regular,4,3144.68,12578.72
64141971,Premium,5,2503.298,12516.49
54923640,Inactive,6,2082.65833333333,12495.95
88324928,Regular,5,2492.768,12463.84
97475543,Premium,4,3078.9775,12315.91
6579892,Regular,4,3075.8725,12303.49
57081917,Inactive,5,2458.794,12293.97
81808190,Inactive,4,3073.415,12293.66
84824280,Inactive,6,2046.48666666667,12278.92
63368244,New,4,3064.6,12258.4
38902882,Inactive,3,4084.70666666667,12254.12
23348269,Inactive,5,2438.542,12192.71
19180962,Inactive,5,2426.018,12130.09
52085702,New,4,3030.015,12120.06
89910157,New,5,2423.022,12115.11
30192942,Premium,3,4038.08,12114.24
90649019,New,5,2419.548,12097.74
65815155,New,5,2415.6,12078.0
82359623,Premium,5,2407.714,12038.57
81757554,Premium,4,3006.5975,12026.39
38969732,New,4,3001.6525,12006.61
211163,Regular,3,3994.78666666667,11984.36
44223796,Regular,4,2992.865,11971.46
92356639,Inactive,4,2991.705,11966.82
30823988,Premium,6,1990.65333333333,11943.92
68941950,New,5,2382.622,11913.11
42723554,Regular,5,2374.612,11873.06
12851610,Inactive,5,2372.428,11862.14
9987182,Regular,4,2962.6025,11850.41
48281892,New,4,2961.27,11845.08
83660688,Premium,4,2952.6275,11810.51
87160527,New,4,2952.2275,11808.91
98088303,New,5,2351.918,11759.59
94529626,New,3,3913.42333333333,11740.27
65514005,Regular,6,1956.04666666667,11736.28
56572297,Inactive,3,3906.33666666667,11719.01
7228206,New,4,2926.1075,11704.43
98225598,Premium,5,2336.708,11683.54
85198177,Premium,4,2915.0475,11660.19
93938425,Regular,4,2913.395,11653.58
44409533,New,4,2913.2625,11653.05
21701991,New,7,1664.08571428571,11648.6
12272282,Regular,5,2322.258,11611.29
36737539,Inactive,4,2894.745,11578.98
38420886,New,6,1918.65333333333,11511.92
5039883,Inactive,5,2297.694,11488.47
35826539,New,3,3823.70333333333,11471.11
79764458,New,5,2292.35,11461.75
68965787,Premium,5,2285.128,11425.64
67908555,New,4,2846.96,11387.84
88520326,Premium,3,3793.57666666667,11380.73
85518832,Premium,5,2270.616,11353.08
13251137,Premium,5,2268.758,11343.79
82594354,Regular,4,2825.4225,11301.69
88739922,Regular,4,2823.48,11293.92
49433260,Premium,5,2248.646,11243.23
21577948,New,3,3738.01666666667,11214.05
88866835,Premium,4,2800.77,11203.08
10048910,New,5,2232.48,11162.4
43052303,Premium,4,2784.545,11138.18
73392739,New,3,3709.90333333333,11129.71
46623192,New,6,1851.51,11109.06
84066402,Regular,5,2217.63,11088.15
27604184,New,5,2211.968,11059.84
10562528,Premium,7,1578.58714285714,11050.11
12059049,Regular,4,2761.4175,11045.67
93321933,Inactive,3,3681.73333333333,11045.2
13189939,Inactive,4,2760.58,11042.32
18791381,Premium,4,2760.24,11040.96
96903782,Regular,4,2755.935,11023.74
84953008,Inactive,5,2203.502,11017.51
92642745,Regular,3,3671.82,11015.46
51341672,Regular,3,3660.49,10981.47
61982521,Inactive,5,2195.692,10978.46
2058037,Inactive,4,2744.48,10977.92
61763552,Inactive,4,2737.3525,10949.41
42012717,Regular,4,2734.0075,10936.03
90919603,Regular,3,3639.42,10918.26
84468124,Premium,5,2182.844,10914.22
52757321,New,4,2726.1375,10904.55
40727086,New,4,2724.1125,10896.45
37947202,Regular,5,2178.172,10890.86
81906973,New,3,3624.9,10874.7
60967677,Premium,3,3595.3,10785.9
71252391,New,5,2145.028,10725.14
14632090,Regular,3,3572.49333333333,10717.48
19741509,Regular,4,2675.0175,10700.07
59110513,Inactive,4,2671.3925,10685.57
24144240,Regular,5,2134.734,10673.67
15066187,Regular,3,3542.02,10626.06
29451600,New,4,2655.19,10620.76
25722990,Regular,4,2654.4875,10617.95
22321208,Regular,4,2645.31,10581.24
59398136,Regular,4,2636.805,10547.22
98307019,New,3,3513.77666666667,10541.33
67708491,Inactive,6,1754.075,10524.45
84456355,New,3,3499.11333333333,10497.34
91500615,Premium,3,3488.61666666667,10465.85
61320989,Regular,4,2615.4925,10461.97
33871107,Inactive,3,3484.66333333333,10453.99
32019725,Premium,3,3482.74333333333,10448.23
89669139,Premium,4,2604.3975,10417.59
13760839,Premium,5,2076.85,10384.25
46717997,New,3,3459.81666666667,10379.45
71694275,Regular,3,3455.25666666667,10365.77
46699982,Inactive,4,2585.24,10340.96
81541985,Regular,4,2580.925,10323.7
66742602,New,4,2579.465,10317.86
29584848,Premium,4,2572.8675,10291.47
64497538,Premium,4,2569.2425,10276.97
51476157,Inactive,4,2562.8075,10251.23
21677923,New,3,3390.43,10171.29
50080663,Inactive,3,3387.68333333333,10163.05
36833857,Premium,4,2532.955,10131.82
79895967,Regular,4,2530.09,10120.36
62679120,Regular,3,3372.38333333333,10117.15
77035814,Inactive,4,2519.7875,10079.15
62600289,Inactive,4,2513.6775,10054.71
41164215,Premium,4,2512.555,10050.22
63238941,Regular,4,2510.3325,10041.33
75213636,Inactive,7,1434.01142857143,10038.08
32527479,Regular,4,2508.1125,10032.45
75928073,Inactive,4,2507.74,10030.96
67538982,Premium,5,2005.28,10026.4
45700473,Inactive,3,3340.04333333333,10020.13
2684440,Premium,5,2003.864,10019.32
66655397,New,5,2003.53,10017.65
43256928,Inactive,3,3325.63333333333,9976.9
56780331,Premium,3,3325.54333333333,9976.63
16561710,New,4,2493.8175,9975.27
82286725,Premium,4,2489.8875,9959.55
46615831,Inactive,3,3312.82666666667,9938.48
87220860,Regular,2,4965.95,9931.9
59620534,Premium,4,2480.7525,9923.01
73799927,New,4,2475.37,9901.48
14428954,Premium,3,3296.75666666667,9890.27
86444757,New,3,3295.12666666667,9885.38
20956158,Premium,6,1646.69666666667,9880.18
63802820,Regular,4,2468.8675,9875.47
26844216,Premium,5,1969.67,9848.35
33741801,New,3,3280.15333333333,9840.46
68341636,Premium,3,3276.81333333333,9830.44
41874489,Regular,3,3272.70666666667,9818.12
41155125,Inactive,4,2451.715,9806.86
40392019,Premium,4,2440.89,9763.56
11202130,Premium,4,2436.8325,9747.33
33481252,Premium,4,2429.38,9717.52
99707100,Inactive,3,3237.72666666667,9713.18
83236183,New,3,3233.39333333333,9700.18
32293017,Inactive,5,1936.686,9683.43
92416428,Regular,3,3208.73333333333,9626.2
33331259,Inactive,4,2404.015,9616.06
7728406,Inactive,5,1918.144,9590.72
22076522,Regular,4,2383.5375,9534.15
76971644,Inactive,4,2382.1575,9528.63
93018527,New,7,1360.15571428571,9521.09
13796199,Regular,3,3173.51,9520.53
59485034,New,2,4751.905,9503.81
90246977,Premium,4,2366.39,9465.56
19523014,New,3,3154.98666666667,9464.96
38902193,New,4,2360.7875,9443.15
75752515,Premium,2,4716.515,9433.03
96795047,New,3,3144.08,9432.24
10019218,New,4,2353.7025,9414.81
34835738,Premium,3,3133.31666666667,9399.95
33651554,New,2,4698.95,9397.9
49806393,Regular,4,2349.2375,9396.95
67711384,Premium,2,4696.195,9392.39
376144,Regular,5,1871.87,9359.35
59436131,New,4,2339.8075,9359.23
97664747,Premium,3,3118.1,9354.3
93675757,Regular,4,2336.9425,9347.77
3408982,Premium,4,2327.555,9310.22
20834589,Inactive,3,3101.09666666667,9303.29
42989999,New,3,3096.71,9290.13
21201299,New,4,2318.4475,9273.79
48776805,Premium,3,3090.98666666667,9272.96
74313592,Premium,3,3082.93333333333,9248.8
57833505,New,5,1848.212,9241.06
51014003,Regular,2,4616.195,9232.39
77768189,Regular,2,4615.805,9231.61
6061349,Regular,3,3074.33666666667,9223.01
61618079,Inactive,6,1529.74166666667,9178.45
96989204,Regular,4,2291.925,9167.7
42208242,Regular,4,2287.9075,9151.63
97492493,Inactive,3,3043.32666666667,9129.98
24153726,Premium,3,3035.37333333333,9106.12
3897936,Premium,5,1817.888,9089.44
59094034,Regular,4,2269.7825,9079.13
90448312,Inactive,6,1512.745,9076.47
9278983,Inactive,5,1813.67,9068.35
74682740,Regular,4,2265.6325,9062.53
36400756,Inactive,3,3016.77,9050.31
13455530,Inactive,3,3014.94,9044.82
24621386,Premium,4,2258.585,9034.34
66023110,New,3,3007.74,9023.22
37691544,Inactive,4,2251.6975,9006.79
49617892,New,3,3000.27333333333,9000.82
29562072,New,4,2249.455,8997.82
45166203,Regular,4,2246.855,8987.42
51661209,New,5,1793.382,8966.91
79478655,Regular,4,2241.24,8964.96
11143197,Regular,4,2237.27,8949.08
72089140,Regular,3,2979.23333333333,8937.7
45052594,New,3,2978.88666666667,8936.66
30317733,Inactive,5,1787.18,8935.9
11047835,Regular,4,2231.76,8927.04
77086539,New,3,2972.04333333333,8916.13
43295656,Regular,4,2228.605,8914.42
46876240,Premium,3,2965.58666666667,8896.76
24821281,Regular,4,2223.6125,8894.45
79135318,Inactive,3,2963.51666666667,8890.55
67729191,New,5,1778.086,8890.43
31328762,Premium,2,4444.905,8889.81
43784632,Inactive,3,2962.44,8887.32
69925688,Inactive,4,2220.5775,8882.31
71643758,Inactive,2,4435.795,8871.59
64197854,Regular,3,2956.91,8870.73
87266309,Regular,3,2956.20666666667,8868.62
44589829,Regular,4,2216.4625,8865.85
81337068,Regular,3,2949.79,8849.37
50899600,New,4,2211.7575,8847.03
40587811,Inactive,3,2947.48,8842.44
45804389,Inactive,3,2946.3,8838.9
37556526,Inactive,4,2209.04,8836.16
82948843,Regular,2,4409.01,8818.02
99893898,New,4,2204.3825,8817.53
96253172,Inactive,4,2204.0625,8816.25
12305040,Regular,3,2936.40333333333,8809.21
74172010,Inactive,3,2929.22333333333,8787.67
82425179,Regular,3,2924.88333333333,8774.65
5540556,Regular,4,2187.4575,8749.83
98858383,Regular,3,2915.90666666667,8747.72
5386246,Inactive,3,2906.47666666667,8719.43
79592021,Regular,4,2179.8575,8719.43
41878908,Premium,4,2179.72,8718.88
1601161,Inactive,5,1743.662,8718.31
66943324,Premium,4,2176.84,8707.36
87718744,Regular,3,2900.54666666667,8701.64
65426878,Regular,2,4349.65,8699.3
14255231,Inactive,2,4348.835,8697.67
40055711,Inactive,3,2884.78666666667,8654.36
64795608,New,3,2875.41,8626.23
31156674,Inactive,4,2153.7975,8615.19
51669263,Inactive,3,2870.83666666667,8612.51
89476734,Inactive,2,4305.27,8610.54
9573071,New,4,2150.255,8601.02
81822494,New,3,2863.00333333333,8589.01
99734256,Premium,3,2857.29666666667,8571.89
91550885,New,4,2142.8975,8571.59
52913011,Inactive,2,4280.62,8561.24
67696145,Regular,3,2849.71,8549.13
77214094,New,3,2848.10333333333,8544.31
29653387,New,3,2844.64666666667,8533.94
97419742,Inactive,2,4264.955,8529.91
93617659,Regular,3,2840.11333333333,8520.34
90150193,Inactive,4,2129.77,8519.08
32054313,Regular,4,2129.33,8517.32
95364457,Premium,4,2128.2175,8512.87
31681710,Regular,4,2124.815,8499.26
43990799,Regular,3,2830.88,8492.64
77397957,New,3,2830.05666666667,8490.17
49529811,Regular,4,2121.5925,8486.37
31582950,New,3,2826.59,8479.77
4439806,New,3,2826.0,8478.0
20163931,Regular,6,1412.60166666667,8475.61
40277444,New,3,2824.38666666667,8473.16
1697604,Regular,3,2819.56,8458.68
35988028,Premium,4,2112.985,8451.94
89531595,Regular,4,2109.87,8439.48
61516967,Regular,3,2807.98666666667,8423.96
5238055,Regular,3,2800.65,8401.95
89617089,New,3,2799.97333333333,8399.92
21409946,Inactive,3,2798.16333333333,8394.49
14161586,Premium,2,4195.77,8391.54
10418604,New,3,2793.92666666667,8381.78
78394303,Inactive,3,2788.21333333333,8364.64
11389698,Premium,3,2785.89333333333,8357.68
32987624,Premium,4,2084.97,8339.88
57526322,Premium,4,2083.205,8332.82
79916464,New,4,2083.205,8332.82
12967305,New,3,2776.6,8329.8
18113428,Regular,4,2081.78,8327.12
84377964,Inactive,4,2080.45,8321.8
37759707,Premium,3,2773.07666666667,8319.23
6150721,New,5,1662.654,8313.27
19259955,Inactive,4,2077.8675,8311.47
82179338,New,3,2768.79333333333,8306.38
91024604,Inactive,3,2760.37333333333,8281.12
75739462,Premium,5,1652.42,8262.1
90184276,Inactive,3,2750.32333333333,8250.97
75510747,New,4,2056.4125,8225.65
52428250,New,3,2741.09,8223.27
24137201,New,3,2737.36,8212.08
96853930,Premium,3,2737.13333333333,8211.4
701493,Inactive,3,2727.55,8182.65
89699655,Inactive,3,2726.14,8178.42
6335221,Premium,2,4081.045,8162.09
32797235,Regular,4,2034.9425,8139.77
22081691,New,3,2709.94333333333,8129.83
23126356,Inactive,3,2705.8,8117.4
60385293,Premium,3,2705.32666666667,8115.98
97466783,Premium,3,2702.49666666667,8107.49
19556566,Premium,2,4039.975,8079.95
2219590,Regular,4,2019.6125,8078.45
48778633,New,3,2692.06666666667,8076.2
46629917,Premium,3,2685.62666666667,8056.88
58111297,Regular,3,2684.61,8053.83
84275450,Premium,3,2682.44,8047.32
73377004,Regular,4,2011.6175,8046.47
57967753,Premium,3,2679.68333333333,8039.05
9401406,Regular,3,2679.55666666667,8038.67
46741896,Premium,4,2009.54,8038.16
82585664,Regular,3,2677.95333333333,8033.86
69761993,New,3,2673.99666666667,8021.99
9738801,Inactive,4,2004.84,8019.36
29095552,Inactive,4,2004.0325,8016.13
70168151,Regular,2,3997.01,7994.02
34839913,Regular,3,2662.14333333333,7986.43
44149982,New,4,1996.125,7984.5
26935187,Premium,2,3981.205,7962.41
11562458,Regular,2,3979.805,7959.61
48554440,Regular,3,2652.96333333333,7958.89
78806824,Premium,3,2651.06,7953.18
76850859,Inactive,4,1988.1775,7952.71
12622901,Inactive,2,3959.485,7918.97
46185579,Premium,4,1970.72,7882.88
34281470,Premium,3,2626.39666666667,7879.19
98687927,Premium,3,2624.22333333333,7872.67
20148223,Inactive,6,1310.88333333333,7865.3
99361865,New,3,2620.53,7861.59
53292177,Inactive,3,2618.21,7854.63
16543242,Premium,5,1569.908,7849.54
59252433,Regular,4,1962.2175,7848.87
61020,New,3,2614.96666666667,7844.9
12077371,Premium,4,1960.515,7842.06
33472376,Premium,2,3914.44,7828.88
81420960,Inactive,3,2608.63666666667,7825.91
51670882,Inactive,5,1564.984,7824.92
60904312,Regular,3,2607.8,7823.4
60698094,New,3,2604.81333333333,7814.44
45868300,Premium,3,2600.29666666667,7800.89
38613642,Regular,3,2590.54333333333,7771.63
76857266,Premium,2,3884.465,7768.93
77614510,Inactive,4,1938.0575,7752.23
1816969,Premium,2,3875.28,7750.56
34755436,New,3,2582.24333333333,7746.73
12755730,Regular,3,2581.79,7745.37
57537308,New,3,2579.26666666667,7737.8
76327561,Inactive,4,1922.2125,7688.85
6398761,Inactive,4,1921.375,7685.5
32830199,Premium,4,1917.225,7668.9
45323391,New,3,2554.75666666667,7664.27
55060796,New,3,2550.73666666667,7652.21
79672044,New,3,2550.13666666667,7650.41
31076002,New,3,2550.0,7650.0
66485571,Inactive,3,2542.32333333333,7626.97
39042103,Regular,3,2539.93,7619.79
55028958,New,3,2538.15,7614.45
81533356,Premium,3,2536.07666666667,7608.23
56548063,New,3,2535.63666666667,7606.91
77128325,Regular,2,3802.415,7604.83
22112867,Regular,3,2534.71666666667,7604.15
49985597,Regular,2,3794.555,7589.11
46208150,New,4,1897.12,7588.48
48228547,Inactive,4,1895.8425,7583.37
91408854,New,2,3785.055,7570.11
65559853,Regular,2,3784.96,7569.92
88045094,Premium,4,1891.835,7567.34
74038361,New,2,3781.855,7563.71
1603358,Inactive,3,2514.19333333333,7542.58
65963876,New,2,3769.34,7538.68
60062501,New,2,3768.52,7537.04
63262519,Regular,4,1884.1875,7536.75
65294340,New,3,2511.82666666667,7535.48
14705462,Premium,2,3754.62,7509.24
18256339,New,3,2501.79333333333,7505.38
61877649,Premium,3,2500.79666666667,7502.39
7076456,Regular,2,3750.36,7500.72
75082508,Premium,3,2494.81333333333,7484.44
16785724,Regular,3,2494.61333333333,7483.84
97111069,Inactive,4,1869.1925,7476.77
42366724,Inactive,4,1868.9025,7475.61
44562310,Inactive,3,2487.25333333333,7461.76
55425478,Inactive,3,2486.17666666667,7458.53
66766629,New,3,2484.29666666667,7452.89
46875863,Regular,4,1862.595,7450.38
62068277,Regular,3,2482.75,7448.25
82989313,Inactive,3,2476.47,7429.41
57392064,Regular,4,1856.4125,7425.65
39093069,Regular,3,2472.78333333333,7418.35
88067569,Premium,3,2471.71,7415.13
16410155,Premium,3,2471.53,7414.59
98246574,Premium,3,2471.04333333333,7413.13
96109948,Inactive,3,2468.77666666667,7406.33
66768157,Inactive,3,2465.34666666667,7396.04
95873651,Inactive,3,2465.01333333333,7395.04
21282544,Regular,3,2463.47333333333,7390.42
45700739,Inactive,2,3688.455,7376.91
54139038,Inactive,3,2456.27333333333,7368.82
34237583,New,3,2454.33333333333,7363.0
21597477,Inactive,4,1835.36,7341.44
45586151,Regular,3,2446.29666666667,7338.89
51119088,Regular,4,1833.06,7332.24
56441247,Premium,4,1832.535,7330.14
91562028,Regular,4,1828.8825,7315.53
67340606,Premium,3,2438.29666666667,7314.89
7591711,Regular,4,1826.4475,7305.79
74179536,Inactive,4,1822.6025,7290.41
62323608,New,4,1821.7475,7286.99
81940369,Premium,2,3635.745,7271.49
98218863,Regular,2,3635.5,7271.0
54748429,New,2,3635.375,7270.75
25977417,Inactive,2,3634.07,7268.14
72489544,Inactive,3,2420.38333333333,7261.15
80796977,Premium,2,3629.575,7259.15
92245432,Premium,4,1809.985,7239.94
86715467,Inactive,2,3619.005,7238.01
94713625,Premium,2,3617.215,7234.43
25829710,New,4,1806.4825,7225.93
9450435,Regular,3,2406.92,7220.76
96009692,Regular,2,3609.74,7219.48
1588560,New,2,3605.465,7210.93
5961261,Premium,4,1802.7175,7210.87
38808614,Premium,2,3603.7,7207.4
14693393,New,2,3602.66,7205.32
46989310,Regular,4,1801.295,7205.18
16424635,Premium,3,2400.38666666667,7201.16
31026200,New,3,2398.87,7196.61
14940427,Premium,3,2398.22333333333,7194.67
53636086,Premium,4,1797.5775,7190.31
625395,Premium,4,1796.39,7185.56
30065862,Regular,3,2394.52,7183.56
49449238,Inactive,2,3591.46,7182.92
78903046,Regular,2,3586.515,7173.03
65903057,Regular,3,2390.86333333333,7172.59
28111842,Premium,2,3581.195,7162.39
62243869,Premium,4,1789.8875,7159.55
45066676,Premium,3,2386.16666666667,7158.5
96511007,New,3,2385.78666666667,7157.36
23286884,Premium,2,3572.55,7145.1
35912599,Regular,4,1785.5225,7142.09
18140588,Regular,2,3568.365,7136.73
36142455,Premium,3,2378.79666666667,7136.39
14458150,Premium,2,3567.42,7134.84
1683786,Regular,2,3566.635,7133.27
51592174,New,3,2376.02333333333,7128.07
5716817,Inactive,3,2374.11,7122.33
899941,Premium,2,3560.96,7121.92
30447453,Premium,4,1779.135,7116.54
19682060,Inactive,3,2369.15,7107.45
69516494,Regular,3,2366.61333333333,7099.84
92455970,Inactive,2,3545.14,7090.28
95372766,Regular,3,2362.54333333333,7087.63
54730270,New,4,1771.335,7085.34
25585013,Inactive,3,2359.62666666667,7078.88
89986926,New,3,2358.36333333333,7075.09
50968312,Inactive,3,2354.94,7064.82
49152878,Premium,4,1765.635,7062.54
55042740,Regular,3,2350.35666666667,7051.07
35782051,New,2,3525.06,7050.12
12402437,New,2,3522.035,7044.07
77811864,Premium,4,1760.6225,7042.49
62416456,Inactive,3,2344.60666666667,7033.82
49136375,Inactive,4,1756.0175,7024.07
74230420,Regular,3,2338.49333333333,7015.48
8395343,New,3,2336.00666666667,7008.02
75632045,Regular,2,3500.365,7000.73
82854537,Inactive,3,2327.40333333333,6982.21
85340038,Premium,2,3487.57,6975.14
15144290,New,3,2319.64,6958.92
69364309,Regular,2,3478.0,6956.0
27513158,New,3,2317.34666666667,6952.04
96373206,Regular,2,3472.84,6945.68
52409516,Inactive,4,1734.21,6936.84
25081012,New,2,3463.165,6926.33
96629258,Inactive,3,2305.26333333333,6915.79
90021871,Regular,4,1727.535,6910.14
64535602,Inactive,3,2303.11333333333,6909.34
41194825,Regular,3,2301.79333333333,6905.38
25641500,Premium,3,2299.71333333333,6899.14
33706378,New,2,3448.34,6896.68
30373140,Regular,3,2296.45,6889.35
4789829,Regular,2,3442.625,6885.25
76987910,Inactive,2,3442.175,6884.35
87823209,Inactive,2,3441.845,6883.69
25587553,Regular,3,2291.52666666667,6874.58
21425168,New,3,2290.18666666667,6870.56
34095555,Premium,4,1715.8775,6863.51
43860025,Regular,2,3430.565,6861.13
15808945,New,4,1714.5875,6858.35
93198324,Inactive,3,2284.17333333333,6852.52
17132416,Regular,2,3424.57,6849.14
32585389,Premium,2,3424.04,6848.08
63948546,Regular,3,2282.6,6847.8
48409448,New,2,3423.025,6846.05
88532418,New,3,2279.28,6837.84
53299455,Premium,3,2278.86,6836.58
65895091,Inactive,3,2278.24,6834.72
85869195,Regular,2,3409.36,6818.72
13465850,Premium,3,2271.56,6814.68
75289676,Inactive,2,3405.565,6811.13
6756256,Premium,3,2270.23666666667,6810.71
82529927,Inactive,3,2269.25666666667,6807.77
19067680,New,3,2267.23333333333,6801.7
70608515,Inactive,2,3400.55,6801.1
69908484,New,3,2265.73333333333,6797.2
80862136,Premium,4,1697.6975,6790.79
19080489,Regular,2,3393.735,6787.47
75674671,New,2,3387.255,6774.51
27698051,Premium,4,1691.1875,6764.75
49970560,Regular,3,2254.18,6762.54
76218218,Inactive,2,3380.24,6760.48
31576845,New,3,2248.44666666667,6745.34
2457734,Premium,4,1686.08,6744.32
11705793,New,2,3369.68,6739.36
30455484,New,3,2244.92666666667,6734.78
15631726,Inactive,3,2239.47666666667,6718.43
34668988,Inactive,4,1678.8025,6715.21
75984768,Regular,2,3346.42,6692.84
77007315,Premium,4,1672.3725,6689.49
34588087,New,2,3344.42,6688.84
47274329,New,4,1670.88,6683.52
26040510,Premium,3,2225.72666666667,6677.18
44557943,Inactive,2,3337.355,6674.71
59240916,Inactive,2,3335.545,6671.09
8241122,Inactive,4,1667.455,6669.82
35156679,Premium,3,2222.08666666667,6666.26
49050014,Premium,2,3331.375,6662.75
83577942,New,4,1665.37,6661.48
64940409,Inactive,3,2219.50333333333,6658.51
93723634,Premium,3,2217.73,6653.19
25706121,Premium,2,3326.195,6652.39
70372270,New,3,2214.2,6642.6
5763963,Regular,5,1328.262,6641.31
93699264,Inactive,3,2211.06333333333,6633.19
18642306,Inactive,3,2206.16333333333,6618.49
80696046,Inactive,3,2205.15333333333,6615.46
83701325,Premium,4,1651.25,6605.0
50781611,Regular,3,2200.64333333333,6601.93
85354059,Premium,4,1649.7425,6598.97
90586029,Regular,2,3299.33,6598.66
74735607,Inactive,2,3297.68,6595.36
73393269,Regular,4,1645.7525,6583.01
70363568,New,4,1645.655,6582.62
40192266,New,3,2192.35,6577.05
72415263,Regular,2,3285.59,6571.18
27304827,Premium,3,2190.23666666667,6570.71
8513589,New,2,3282.845,6565.69
29562254,Inactive,4,1641.1525,6564.61
78678612,Premium,3,2186.59666666667,6559.79
34567918,Inactive,3,2185.22,6555.66
33034249,Inactive,2,3277.36,6554.72
48943848,Premium,2,3277.225,6554.45
40703374,Regular,4,1637.3625,6549.45
47955004,Inactive,3,2181.79666666667,6545.39
23081177,New,2,3270.44,6540.88
79991320,New,3,2179.56333333333,6538.69
95912198,Inactive,3,2179.24,6537.72
76212152,Premium,3,2176.45,6529.35
99301505,Inactive,3,2171.00333333333,6513.01
12778027,New,2,3250.975,6501.95
35459748,Inactive,3,2166.98,6500.94
8628482,New,2,3250.225,6500.45
14207332,Regular,2,3244.65,6489.3
16436359,New,2,3243.77,6487.54
48511124,Inactive,2,3242.365,6484.73
86487478,Premium,2,3241.165,6482.33
38327793,Inactive,2,3238.02,6476.04
18889370,Regular,2,3235.14,6470.28
4758426,New,2,3231.065,6462.13
8395610,Inactive,2,3221.815,6443.63
21658322,Regular,5,1288.448,6442.24
47590944,New,3,2147.01666666667,6441.05
88312515,Inactive,2,3212.47,6424.94
22133362,Inactive,2,3210.92,6421.84
82169898,Premium,3,2139.14,6417.42
99729547,New,3,2135.42,6406.26
54952806,Regular,3,2132.16,6396.48
67386193,Regular,5,1278.562,6392.81
41008070,New,3,2129.21333333333,6387.64
42102289,New,3,2128.59666666667,6385.79
58644651,New,3,2127.28666666667,6381.86
51945420,Premium,2,3188.54,6377.08
8361353,New,2,3188.52,6377.04
27971619,New,2,3183.195,6366.39
27709218,Regular,4,1591.0175,6364.07
5228136,Premium,3,2120.04666666667,6360.14
45028365,Regular,2,3175.875,6351.75
73869823,Regular,3,2114.77333333333,6344.32
57505804,New,3,2114.15333333333,6342.46
10038382,Inactive,2,3165.52,6331.04
23126657,Premium,2,3161.965,6323.93
69242672,Regular,2,3155.735,6311.47
66354642,Premium,2,3153.43,6306.86
6344345,Premium,3,2102.12666666667,6306.38
60561655,Regular,2,3152.055,6304.11
35358395,Inactive,3,2098.79333333333,6296.38
92306841,New,4,1573.9,6295.6
8025622,Regular,3,2097.57,6292.71
64162093,Premium,3,2097.48,6292.44
60757351,Premium,3,2096.29666666667,6288.89
87463923,Inactive,4,1570.4825,6281.93
8228843,Inactive,3,2090.43,6271.29
68661619,Inactive,2,3129.65,6259.3
89036169,Inactive,3,2082.38666666667,6247.16
14006996,Inactive,2,3119.155,6238.31
30188374,New,4,1558.345,6233.38
47206881,Premium,3,2077.35,6232.05
76020843,Regular,2,3115.375,6230.75
29272253,New,4,1557.475,6229.9
40841791,New,2,3113.485,6226.97
88223261,Regular,2,3108.345,6216.69
58979427,Premium,2,3107.885,6215.77
6247821,Regular,3,2068.92666666667,6206.78
70976153,New,3,2068.21666666667,6204.65
98540377,Regular,4,1550.4425,6201.77
28428852,Inactive,3,2065.27333333333,6195.82
19482392,Regular,4,1548.4825,6193.93
38875754,Premium,4,1548.015,6192.06
84161531,Premium,3,2063.15666666667,6189.47
48160359,Premium,2,3094.47,6188.94
59815512,Regular,2,3088.645,6177.29
6637282,Inactive,4,1544.155,6176.62
49260858,Regular,1,6161.48,6161.48
6867315,Premium,2,3075.61,6151.22
22800586,New,4,1535.8975,6143.59
60319216,Premium,2,3070.09,6140.18
67310893,New,3,2043.95,6131.85
88203688,New,3,2043.61,6130.83
99231937,Regular,3,2043.01333333333,6129.04
25595836,New,2,3049.9,6099.8
31084686,Regular,2,3047.33,6094.66
60732869,New,3,2030.06333333333,6090.19
51503088,New,3,2026.06,6078.18
68219091,Regular,3,2023.26,6069.78
60300263,New,2,3032.355,6064.71
243838,New,3,2020.35333333333,6061.06
41073776,Premium,2,3027.34,6054.68
22047134,Inactive,3,2017.12333333333,6051.37
26303194,Premium,4,1512.575,6050.3
73660582,Premium,3,2016.51333333333,6049.54
80833965,Inactive,2,3018.87,6037.74
62526567,Premium,3,2010.82333333333,6032.47
74694186,Inactive,2,3015.795,6031.59
89619421,Premium,3,2005.33666666667,6016.01
35554129,Premium,2,3006.245,6012.49
72889295,New,3,2004.04666666667,6012.14
48158494,Inactive,2,3005.71,6011.42
41181125,New,2,3003.575,6007.15
47577193,Premium,3,2001.13,6003.39
3292927,New,3,1999.75333333333,5999.26
6856445,New,2,2999.135,5998.27
81382213,Inactive,2,2996.725,5993.45
35690581,Inactive,2,2995.285,5990.57
63971358,Regular,3,1994.12,5982.36
92027021,Inactive,3,1993.92666666667,5981.78
73428596,Inactive,2,2990.55,5981.1
16400639,Premium,2,2981.485,5962.97
93122847,Regular,3,1987.38,5962.14
45659330,New,3,1987.06333333333,5961.19
70529459,Regular,3,1984.20666666667,5952.62
35705377,Regular,3,1984.02333333333,5952.07
31371112,Regular,2,2972.35,5944.7
97770901,Inactive,3,1979.27,5937.81
88923048,Premium,3,1979.12,5937.36
3999964,Premium,2,2967.865,5935.73
469006,Inactive,3,1977.39333333333,5932.18
72132838,Premium,2,2965.75,5931.5
84119685,Inactive,3,1976.88333333333,5930.65
2400009,Premium,3,1976.17666666667,5928.53
97873848,Regular,3,1975.47333333333,5926.42
4394659,New,2,2962.035,5924.07
1342184,Inactive,2,2949.935,5899.87
97033691,Premium,3,1965.44333333333,5896.33
80850753,Premium,2,2947.22,5894.44
92123198,Regular,2,2945.195,5890.39
75913572,Inactive,3,1961.53666666667,5884.61
42589311,Regular,2,2940.015,5880.03
48358028,Premium,3,1958.35,5875.05
11616535,Premium,4,1468.195,5872.78
23380116,New,3,1957.00666666667,5871.02
35278126,Premium,2,2934.35,5868.7
91566278,Premium,3,1953.70333333333,5861.11
52001314,Premium,2,2928.945,5857.89
45708879,Regular,3,1952.45333333333,5857.36
92209869,Regular,2,2926.125,5852.25
81183415,Regular,2,2925.595,5851.19
63793401,Regular,3,1945.52,5836.56
33544355,Premium,2,2917.975,5835.95
85435560,Inactive,1,5814.13,5814.13
83412446,Inactive,3,1937.09333333333,5811.28
78725001,Regular,4,1452.305,5809.22
18567760,Regular,3,1935.16,5805.48
61121421,New,3,1933.78666666667,5801.36
28603182,New,2,2899.76,5799.52
3786105,New,2,2896.86,5793.72
59840071,Inactive,2,2894.94,5789.88
35402531,New,2,2890.65,5781.3
50105174,Premium,2,2889.89,5779.78
30285217,Premium,3,1926.06333333333,5778.19
31389750,New,2,2886.06,5772.12
26245432,Inactive,2,2885.5,5771.0
39999278,New,1,5770.21,5770.21
72667140,Premium,1,5768.29,5768.29
50015282,Regular,2,2882.36,5764.72
70459847,Premium,2,2880.515,5761.03
66135710,New,3,1919.15,5757.45
54580166,Regular,3,1916.35,5749.05
25659794,Inactive,1,5747.38,5747.38
75038062,New,2,2870.365,5740.73
91144803,Regular,2,2868.085,5736.17
52613657,New,2,2864.075,5728.15
16379942,Inactive,4,1431.925,5727.7
31813,Regular,2,2863.02,5726.04
6982488,New,3,1907.89333333333,5723.68
83023956,Regular,2,2860.615,5721.23
33675108,Inactive,4,1429.945,5719.78
64932019,Premium,2,2857.815,5715.63
85074810,Regular,5,1142.788,5713.94
18935489,New,3,1902.42666666667,5707.28
70589930,Premium,3,1902.24333333333,5706.73
18394558,Regular,2,2852.295,5704.59
20238921,Premium,4,1426.135,5704.54
14472401,Regular,4,1424.22,5696.88
22054087,Inactive,3,1898.42333333333,5695.27
26364643,Inactive,1,5692.84,5692.84
19182548,Regular,3,1893.11333333333,5679.34
28991365,New,2,2839.605,5679.21
14272050,New,2,2836.175,5672.35
4378755,Premium,3,1889.25333333333,5667.76
86704661,Premium,2,2829.83,5659.66
53538932,Premium,2,2829.77,5659.54
48418662,Premium,4,1414.2125,5656.85
9097480,Premium,2,2827.8,5655.6
58170168,Premium,3,1884.66666666667,5654.0
58974323,New,2,2824.485,5648.97
68692574,Inactive,2,2813.515,5627.03
86067293,Inactive,5,1124.896,5624.48
49617531,Inactive,2,2810.535,5621.07
28394354,Regular,3,1870.91333333333,5612.74
36675827,Inactive,2,2802.715,5605.43
19375332,Regular,2,2802.07,5604.14
2361575,New,2,2799.115,5598.23
8955057,Regular,3,1866.06333333333,5598.19
42781544,New,2,2797.62,5595.24
84448310,Regular,2,2790.46,5580.92
55693909,Premium,3,1855.42,5566.26
17341194,Premium,2,2778.65,5557.3
40563029,Inactive,2,2769.865,5539.73
50557979,Premium,4,1383.695,5534.78
13581527,New,3,1844.36,5533.08
97411107,New,3,1843.35,5530.05
83404008,New,2,2761.98,5523.96
91382237,Regular,3,1839.82666666667,5519.48
8351747,Regular,3,1838.88666666667,5516.66
47503133,Inactive,3,1838.7,5516.1
3096845,New,2,2757.19,5514.38
87251489,Premium,3,1838.12333333333,5514.37
85561151,Regular,4,1378.4225,5513.69
18082040,Regular,3,1835.61,5506.83
87200291,Inactive,3,1834.31,5502.93
22358567,Inactive,2,2749.955,5499.91
81932548,Premium,2,2749.65,5499.3
60379302,New,2,2746.46,5492.92
9105829,Regular,2,2742.845,5485.69
65570302,Inactive,3,1828.29333333333,5484.88
84929351,Regular,1,5473.26,5473.26
6668498,Inactive,2,2735.555,5471.11
28286754,Regular,3,1823.4,5470.2
48002829,Inactive,2,2734.94,5469.88
65406127,Premium,3,1821.59666666667,5464.79
4988545,Regular,2,2731.745,5463.49
22931642,New,1,5453.47,5453.47
66932104,Premium,4,1361.5875,5446.35
23794330,Regular,3,1810.32333333333,5430.97
21481338,New,2,2715.35,5430.7
46885873,Premium,2,2712.05,5424.1
44030130,Regular,3,1807.84666666667,5423.54
98709982,Inactive,2,2710.35,5420.7
35434373,Premium,3,1806.02333333333,5418.07
820740,Premium,3,1804.88333333333,5414.65
87669943,Inactive,2,2705.53,5411.06
79369660,Premium,2,2705.465,5410.93
24308515,Regular,3,1800.95666666667,5402.87
77559557,New,2,2700.24,5400.48
57340963,Regular,4,1349.775,5399.1
84848018,Regular,3,1798.78666666667,5396.36
88553721,Regular,3,1797.48333333333,5392.45
67383024,Premium,2,2692.745,5385.49
24337950,Inactive,3,1794.18666666667,5382.56
80315623,New,2,2685.615,5371.23
97150234,New,2,2685.275,5370.55
78841932,Inactive,2,2683.14,5366.28
80935110,Regular,3,1788.33666666667,5365.01
46686696,Premium,3,1786.55,5359.65
86636273,Inactive,2,2679.315,5358.63
12574626,Inactive,3,1785.55666666667,5356.67
94854830,Inactive,1,5351.42,5351.42
54799731,Premium,1,5349.56,5349.56
43599910,Premium,3,1779.96666666667,5339.9
29525287,Premium,3,1777.18333333333,5331.55
89704218,Premium,2,2663.355,5326.71
24456825,Inactive,2,2661.72,5323.44
76533277,New,2,2661.105,5322.21
15661674,Regular,2,2658.555,5317.11
68486301,Inactive,2,2655.845,5311.69
22293666,New,2,2653.87,5307.74
46563355,Premium,2,2650.21,5300.42
57892837,Premium,3,1766.33333333333,5299.0
57331847,Regular,2,2642.42,5284.84
44050697,New,3,1759.15,5277.45
43367112,New,3,1757.93333333333,5273.8
93826036,Premium,1,5271.36,5271.36
1705969,Premium,2,2634.525,5269.05
13071673,Regular,2,2632.845,5265.69
23676689,Premium,3,1753.73333333333,5261.2
40305293,Regular,3,1753.14333333333,5259.43
24845814,Regular,2,2629.515,5259.03
70965437,Inactive,1,5253.79,5253.79
19091057,Regular,3,1750.66,5251.98
58942207,Regular,2,2625.68,5251.36
57474553,Regular,2,2620.275,5240.55
67918495,Inactive,4,1309.9475,5239.79
90745023,Inactive,4,1308.8625,5235.45
36998375,Inactive,2,2617.45,5234.9
85763665,Premium,3,1737.87666666667,5213.63
56457995,Inactive,2,2606.605,5213.21
9107360,Inactive,3,1736.91333333333,5210.74
98211325,Regular,2,2604.39,5208.78
99772709,Regular,3,1736.15,5208.45
79919160,Premium,2,2603.665,5207.33
45314389,New,2,2599.52,5199.04
75640174,Premium,2,2595.845,5191.69
84850688,Inactive,2,2595.09,5190.18
95371787,New,2,2594.26,5188.52
12814732,Regular,2,2592.985,5185.97
75464725,Inactive,2,2592.65,5185.3
2414265,New,2,2591.07,5182.14
188838,Inactive,2,2591.02,5182.04
73639935,Inactive,2,2587.345,5174.69
80761521,Inactive,3,1724.06666666667,5172.2
77673290,Premium,2,2585.4,5170.8
25713335,New,2,2584.425,5168.85
54877984,Inactive,2,2584.25,5168.5
60371334,Inactive,2,2582.185,5164.37
71956734,New,2,2579.29,5158.58
92636025,Inactive,2,2577.735,5155.47
81200164,Regular,2,2576.525,5153.05
6459100,Premium,3,1714.39666666667,5143.19
27878182,Inactive,2,2571.2,5142.4
85072416,New,2,2569.33,5138.66
15487049,New,2,2568.885,5137.77
85218071,New,2,2567.96,5135.92
59216664,Regular,2,2561.57,5123.14
69240186,Regular,3,1707.48666666667,5122.46
24633671,New,2,2559.48,5118.96
71902700,Regular,4,1277.54,5110.16
30643619,Inactive,3,1699.57333333333,5098.72
9246851,New,2,2549.22,5098.44
10729474,New,2,2548.75,5097.5
75828735,New,1,5094.56,5094.56
38671747,New,2,2546.09,5092.18
27336589,New,3,1697.38666666667,5092.16
10857389,Inactive,4,1272.9675,5091.87
67277562,Inactive,3,1696.62666666667,5089.88
50518311,Regular,2,2541.43,5082.86
62510499,Premium,2,2538.725,5077.45
74174956,Regular,3,1692.25666666667,5076.77
37702698,New,2,2536.96,5073.92
52215833,Regular,2,2536.87,5073.74
13494314,Premium,2,2536.745,5073.49
92118758,Regular,1,5067.85,5067.85
77921718,Premium,2,2530.29,5060.58
78732957,New,2,2528.205,5056.41
87954926,Premium,2,2527.23,5054.46
17287733,Premium,2,2520.555,5041.11
59207798,Premium,2,2520.42,5040.84
15830066,New,4,1258.4725,5033.89
71189232,Inactive,2,2515.125,5030.25
99490786,New,2,2509.51,5019.02
19216141,Premium,4,1253.2125,5012.85
34768050,Inactive,2,2506.34,5012.68
72946405,Premium,3,1670.89,5012.67
51048402,Premium,2,2502.42,5004.84
99160348,Inactive,2,2502.18,5004.36
10855630,Premium,2,2500.505,5001.01
84361534,Regular,2,2500.405,5000.81
22020776,Regular,1,4992.15,4992.15
41972994,Inactive,2,2495.155,4990.31
82900175,New,2,2493.65,4987.3
37362180,Regular,2,2492.505,4985.01
1449273,New,2,2491.625,4983.25
9314637,Inactive,2,2487.22,4974.44
53974737,New,2,2486.53,4973.06
97557157,Regular,3,1657.64333333333,4972.93
87450286,Premium,1,4969.83,4969.83
88202341,Inactive,2,2483.145,4966.29
67952740,Regular,4,1238.6275,4954.51
69219122,Premium,2,2476.205,4952.41
14839726,Regular,2,2474.635,4949.27
80875034,Inactive,3,1649.45,4948.35
97286925,Inactive,2,2473.98,4947.96
95309983,New,2,2472.05,4944.1
83867512,Inactive,2,2470.46,4940.92
29415527,Regular,3,1646.64333333333,4939.93
32003512,Premium,2,2467.36,4934.72
93507573,Premium,4,1232.645,4930.58
63630649,Premium,2,2463.17,4926.34
39957741,Inactive,2,2462.635,4925.27
29689766,New,4,1231.18,4924.72
97191387,Premium,1,4917.07,4917.07
56195475,Regular,3,1638.98333333333,4916.95
39418109,Inactive,2,2458.47,4916.94
40085705,New,2,2456.545,4913.09
67302239,Regular,1,4912.61,4912.61
65618148,Inactive,2,2449.545,4899.09
13585482,Inactive,3,1632.74333333333,4898.23
65134271,Premium,3,1631.89333333333,4895.68
95334407,Inactive,2,2445.695,4891.39
44828791,New,4,1219.7025,4878.81
86995126,New,3,1624.36,4873.08
35455991,New,2,2433.98,4867.96
53332493,New,3,1619.66,4858.98
89784343,Premium,2,2428.76,4857.52
96001315,Inactive,2,2427.12,4854.24
8383197,New,2,2422.215,4844.43
78748184,Regular,2,2415.315,4830.63
32426778,Inactive,1,4827.19,4827.19
55971849,Regular,2,2413.05,4826.1
24357425,Inactive,2,2412.57,4825.14
10663246,Regular,2,2410.91,4821.82
37095171,Inactive,3,1606.75,4820.25
22227829,New,2,2402.36,4804.72
2365348,Regular,1,4789.73,4789.73
26903313,Regular,2,2393.74,4787.48
79960955,New,2,2393.66,4787.32
60495351,New,3,1595.27,4785.81
28995786,Inactive,3,1593.55,4780.65
62629494,Premium,3,1592.28,4776.84
13383642,Regular,3,1592.08666666667,4776.26
88252625,New,2,2386.43,4772.86
44269569,New,3,1589.65666666667,4768.97
82898985,Regular,1,4768.12,4768.12
34897081,Premium,2,2381.975,4763.95
85658166,New,2,2380.04,4760.08
81136091,Regular,1,4759.44,4759.44
57956497,Inactive,2,2378.82,4757.64
20689141,Premium,2,2375.62,4751.24
51040116,Regular,1,4749.99,4749.99
31718565,Regular,3,1581.63333333333,4744.9
59009727,New,2,2368.23,4736.46
95269737,Regular,1,4731.51,4731.51
94486311,New,2,2365.21,4730.42
8164639,Premium,2,2364.1,4728.2
90038364,Regular,2,2362.495,4724.99
82804543,New,2,2358.415,4716.83
27381533,Premium,1,4712.89,4712.89
50953418,Regular,2,2356.16,4712.32
30788486,New,2,2345.905,4691.81
68419593,Inactive,2,2340.03,4680.06
59518795,New,3,1559.45333333333,4678.36
2164524,Inactive,4,1169.41,4677.64
44477365,Regular,2,2338.425,4676.85
43518622,Regular,2,2336.35,4672.7
97185284,Regular,2,2336.25,4672.5
3282647,Premium,2,2335.725,4671.45
7288562,New,3,1555.7,4667.1
54893418,Premium,2,2330.03,4660.06
89886179,Inactive,2,2329.025,4658.05
69632084,Premium,2,2328.635,4657.27
79591237,Premium,3,1552.17333333333,4656.52
47939657,Regular,2,2328.03,4656.06
17159117,Premium,2,2326.9,4653.8
48150243,Regular,2,2326.135,4652.27
59095971,Inactive,1,4650.66,4650.66
12799092,Inactive,3,1549.62666666667,4648.88
70543108,Regular,2,2324.185,4648.37
76925460,Regular,1,4636.88,4636.88
30042971,Regular,2,2310.565,4621.13
91130614,Inactive,2,2304.975,4609.95
43431724,New,2,2304.015,4608.03
6025470,Premium,1,4593.42,4593.42
20360447,New,1,4588.23,4588.23
36146306,Regular,3,1528.20666666667,4584.62
12988801,New,2,2289.995,4579.99
1529180,Inactive,2,2287.655,4575.31
39140039,New,2,2287.065,4574.13
78254569,Regular,2,2282.835,4565.67
32635818,Regular,2,2281.84,4563.68
7687234,Inactive,1,4559.56,4559.56
27049432,Premium,2,2279.025,4558.05
4192351,Inactive,1,4555.81,4555.81
3844290,Inactive,2,2277.665,4555.33
63339001,New,3,1518.39,4555.17
97928781,Inactive,2,2277.48,4554.96
14275043,New,1,4553.36,4553.36
72366758,Inactive,4,1137.7275,4550.91
65121696,New,1,4549.72,4549.72
78267238,Inactive,2,2268.43,4536.86
40593638,Premium,2,2267.12,4534.24
63571453,Premium,3,1508.38666666667,4525.16
67829645,New,2,2261.64,4523.28
93318833,New,2,2259.68,4519.36
99824171,Inactive,2,2257.84,4515.68
80286283,Regular,2,2257.045,4514.09
77085443,Regular,2,2254.725,4509.45
96629034,Premium,2,2254.13,4508.26
54797119,Premium,3,1499.62,4498.86
76019750,New,1,4495.56,4495.56
61406908,Regular,1,4492.32,4492.32
74231111,Premium,2,2244.23,4488.46
52032226,Premium,2,2243.115,4486.23
70230254,New,2,2241.48,4482.96
94730288,Regular,3,1493.77333333333,4481.32
6319646,Regular,3,1492.49333333333,4477.48
51547198,Premium,1,4476.55,4476.55
11636968,Inactive,2,2238.06,4476.12
39674723,New,3,1490.03666666667,4470.11
60446619,Regular,2,2230.38,4460.76
84641682,Inactive,2,2229.63,4459.26
51174875,Inactive,2,2227.055,4454.11
81763298,Premium,2,2226.995,4453.99
60834500,Inactive,2,2220.78,4441.56
64151769,New,2,2220.2,4440.4
73363613,Premium,4,1108.5425,4434.17
44723662,Regular,2,2216.895,4433.79
33617546,New,1,4428.29,4428.29
14944819,Premium,2,2213.905,4427.81
31000129,Premium,2,2212.425,4424.85
92098757,New,1,4419.96,4419.96
19581959,Premium,2,2209.45,4418.9
28413467,New,1,4414.19,4414.19
39153585,Premium,3,1470.43333333333,4411.3
54222320,Regular,2,2201.05,4402.1
26863280,Inactive,2,2199.51,4399.02
11254582,Inactive,3,1463.12,4389.36
70798876,New,2,2190.22,4380.44
51872499,Premium,2,2189.645,4379.29
75892474,New,2,2187.89,4375.78
92843141,Premium,1,4371.79,4371.79
2136830,New,1,4369.13,4369.13
27620326,Regular,2,2183.39,4366.78
9650263,New,2,2182.14,4364.28
20517871,Premium,1,4361.99,4361.99
51557673,New,1,4360.12,4360.12
6186471,New,1,4356.46,4356.46
76359458,New,3,1451.85,4355.55
4386273,Inactive,3,1451.62666666667,4354.88
90743791,Inactive,1,4354.3,4354.3
83304571,New,4,1085.9775,4343.91
20940403,Premium,3,1445.48,4336.44
8651281,Premium,4,1083.9125,4335.65
42262168,Regular,3,1444.08,4332.24
79076101,Premium,1,4331.6,4331.6
31846190,New,2,2164.97,4329.94
7333934,New,3,1442.54333333333,4327.63
11071601,Inactive,2,2160.34,4320.68
51833636,Regular,2,2157.73,4315.46
22483684,Regular,3,1437.98666666667,4313.96
69415494,New,2,2153.69,4307.38
31537100,Regular,2,2152.31,4304.62
88517890,Premium,2,2149.57,4299.14
48716374,Premium,2,2148.435,4296.87
27727819,Inactive,2,2148.11,4296.22
1562083,Premium,2,2147.165,4294.33
13651980,Inactive,2,2141.75,4283.5
14991661,New,2,2138.57,4277.14
47295676,New,2,2136.81,4273.62
8733344,Premium,2,2136.035,4272.07
37054866,Regular,1,4269.53,4269.53
83298567,Premium,3,1422.04333333333,4266.13
20310720,Regular,2,2132.395,4264.79
96806748,New,2,2131.82,4263.64
57523973,New,3,1418.71,4256.13
29902416,Inactive,3,1417.12,4251.36
12867472,Premium,2,2125.3,4250.6
32540616,New,1,4248.74,4248.74
89361574,Regular,2,2121.96,4243.92
70867736,Premium,3,1414.34333333333,4243.03
10225164,Inactive,2,2114.355,4228.71
26752630,Inactive,3,1408.45333333333,4225.36
23984022,Regular,2,2110.16,4220.32
11063505,New,2,2109.35,4218.7
2233446,New,2,2109.07,4218.14
22915611,Regular,3,1405.65,4216.95
77961205,Premium,3,1405.46,4216.38
72164737,Premium,1,4216.31,4216.31
74212242,Premium,3,1402.51,4207.53
4594944,Inactive,1,4205.78,4205.78
46675763,New,2,2101.41,4202.82
18035010,Premium,2,2101.11,4202.22
21697638,New,4,1049.2725,4197.09
59677346,Inactive,2,2097.23,4194.46
66761643,Regular,2,2096.695,4193.39
40986000,Premium,1,4191.3,4191.3
24517523,Premium,1,4190.02,4190.02
53624677,New,3,1395.72,4187.16
13130974,Inactive,1,4179.5,4179.5
79628054,Premium,3,1392.10333333333,4176.31
75474920,Regular,2,2086.97,4173.94
15568831,Premium,2,2085.18,4170.36
85006599,Inactive,3,1388.78,4166.34
38728779,Regular,2,2081.97,4163.94
12184293,Inactive,1,4160.4,4160.4
24043135,Inactive,3,1386.73,4160.19
84937877,Premium,2,2078.55,4157.1
90856813,Regular,2,2075.125,4150.25
89223620,Inactive,1,4144.84,4144.84
64017365,Premium,1,4138.27,4138.27
20496835,New,2,2064.345,4128.69
83262890,New,2,2063.51,4127.02
96461062,Regular,1,4125.04,4125.04
99156138,Regular,1,4116.32,4116.32
93370787,New,3,1371.9,4115.7
80371626,New,2,2056.675,4113.35
53782978,New,1,4111.84,4111.84
22851478,Regular,2,2055.82,4111.64
87213891,New,1,4110.56,4110.56
4055790,Regular,2,2054.945,4109.89
47125914,Premium,2,2051.895,4103.79
20625627,Premium,2,2050.94,4101.88
60620291,Regular,2,2050.775,4101.55
69339331,Regular,1,4099.53,4099.53
60656482,Inactive,3,1365.25333333333,4095.76
21786873,Regular,2,2046.84,4093.68
191616,Regular,2,2044.98,4089.96
53392567,Regular,2,2037.27,4074.54
64298209,Regular,1,4074.16,4074.16
34526442,Regular,1,4073.52,4073.52
75836905,Inactive,3,1356.95666666667,4070.87
11493300,Regular,1,4066.1,4066.1
46836361,Premium,2,2029.475,4058.95
94453274,Regular,2,2025.91,4051.82
91448742,Regular,3,1350.57333333333,4051.72
22738465,Inactive,3,1349.95,4049.85
5135207,Premium,1,4045.22,4045.22
78961097,Inactive,1,4040.38,4040.38
17749347,Premium,2,2019.83,4039.66
91791128,Regular,2,2019.78,4039.56
2558646,Premium,3,1344.97666666667,4034.93
85020453,Premium,2,2015.4,4030.8
38615653,Regular,2,2013.6,4027.2
34853377,Premium,3,1340.34333333333,4021.03
66359719,Regular,2,2009.62,4019.24
24323106,Inactive,2,2009.065,4018.13
61851054,Regular,2,2007.755,4015.51
25770577,Regular,3,1338.09,4014.27
97141762,Regular,2,2005.37,4010.74
39717448,New,2,2001.06,4002.12
14974554,New,2,1999.79,3999.58
1719710,New,2,1998.405,3996.81
40434527,Inactive,2,1996.355,3992.71
75081265,Premium,2,1995.17,3990.34
63870636,Premium,1,3988.77,3988.77
46378942,Premium,1,3988.44,3988.44
87059497,Regular,2,1992.895,3985.79
57658033,New,2,1990.735,3981.47
30029998,New,1,3973.9,3973.9
75467328,Inactive,1,3963.84,3963.84
34787383,Premium,4,990.88,3963.52
92509376,Regular,3,1318.47666666667,3955.43
32929817,Regular,2,1977.7,3955.4
31324823,New,2,1975.93,3951.86
79695653,Regular,2,1975.245,3950.49
37915052,Regular,1,3949.87,3949.87
89995124,Premium,2,1972.175,3944.35
9048817,Inactive,1,3944.12,3944.12
73933840,Regular,1,3936.23,3936.23
63451391,Premium,1,3934.29,3934.29
49795571,Premium,3,1310.30666666667,3930.92
49915498,Premium,1,3928.0,3928.0
16484167,New,1,3927.09,3927.09
12500465,Premium,2,1963.165,3926.33
11928321,Inactive,2,1961.655,3923.31
7551173,New,1,3919.44,3919.44
57548210,Inactive,1,3915.04,3915.04
93341057,Inactive,2,1957.105,3914.21
50572914,Regular,2,1952.96,3905.92
20343501,Inactive,1,3903.48,3903.48
85907588,Inactive,3,1301.03,3903.09
1507408,Inactive,3,1300.65333333333,3901.96
42227189,Regular,2,1948.82,3897.64
36428139,Premium,2,1948.615,3897.23
2584499,Regular,3,1293.00333333333,3879.01
2903620,New,2,1938.31,3876.62
29361038,New,1,3876.32,3876.32
22036818,New,2,1936.805,3873.61
97507853,Regular,2,1936.41,3872.82
85838438,Inactive,1,3870.66,3870.66
87256913,Regular,1,3869.92,3869.92
56604077,Regular,2,1934.69,3869.38
55094848,Premium,1,3867.53,3867.53
46848302,Premium,2,1930.515,3861.03
44928499,New,2,1929.255,3858.51
81584486,Inactive,2,1928.805,3857.61
94137242,New,2,1928.36,3856.72
35144658,Premium,1,3834.36,3834.36
49241309,Inactive,2,1913.305,3826.61
23098216,New,1,3823.81,3823.81
10694081,Regular,1,3821.8,3821.8
37633848,Premium,1,3820.42,3820.42
39317905,New,2,1908.425,3816.85
71607166,Inactive,2,1908.215,3816.43
23961725,Regular,1,3804.98,3804.98
66886852,Inactive,2,1902.335,3804.67
19400174,New,1,3804.03,3804.03
20634789,New,3,1267.80333333333,3803.41
12338529,New,3,1264.89666666667,3794.69
77161976,Regular,1,3784.91,3784.91
67749649,Inactive,1,3778.41,3778.41
78847070,Inactive,1,3774.14,3774.14
49457685,Inactive,1,3773.85,3773.85
94033330,Regular,4,943.1125,3772.45
50760752,New,2,1884.995,3769.99
73061709,Premium,2,1884.495,3768.99
5607734,Premium,1,3767.45,3767.45
23844919,Regular,2,1883.61,3767.22
5751638,New,2,1881.95,3763.9
79789048,Regular,1,3759.65,3759.65
10745302,Premium,1,3759.4,3759.4
69416782,Regular,2,1877.745,3755.49
89412038,New,1,3755.33,3755.33
71905368,Premium,2,1876.775,3753.55
61182897,Regular,1,3752.62,3752.62
57674875,Regular,2,1876.235,3752.47
46564935,Inactive,1,3751.55,3751.55
2188994,Inactive,1,3750.59,3750.59
47618810,Inactive,2,1874.49,3748.98
80954112,New,1,3748.84,3748.84
2442235,Premium,2,1873.65,3747.3
41647393,Inactive,3,1245.02,3735.06
25526479,Regular,1,3732.99,3732.99
3588443,Premium,2,1862.06,3724.12
85233498,New,1,3723.26,3723.26
9274874,Regular,6,620.17,3721.02
49147776,Inactive,3,1239.68666666667,3719.06
19275474,New,2,1857.31,3714.62
43034188,Inactive,2,1856.82,3713.64
1855421,Inactive,2,1856.215,3712.43
38496400,Premium,2,1851.845,3703.69
10945990,New,2,1851.33,3702.66
45033270,New,1,3702.6,3702.6
40871915,Premium,2,1849.89,3699.78
5226128,New,2,1847.395,3694.79
1989720,Inactive,2,1844.46,3688.92
72942753,Regular,1,3679.63,3679.63
44776601,Regular,2,1839.155,3678.31
65660660,Regular,2,1838.8,3677.6
82918668,Regular,2,1838.625,3677.25
6184558,Regular,1,3676.83,3676.83
6291143,Inactive,2,1836.905,3673.81
62742797,Premium,1,3673.81,3673.81
26912171,New,2,1834.435,3668.87
1108176,Premium,2,1833.905,3667.81
95590889,Inactive,1,3658.91,3658.91
93730857,Premium,2,1828.86,3657.72
17929886,New,2,1828.59,3657.18
59222551,Inactive,1,3655.01,3655.01
68985290,Premium,2,1826.04,3652.08
6390687,Regular,2,1822.395,3644.79
27746432,Inactive,1,3642.25,3642.25
46515922,Regular,1,3639.83,3639.83
77862447,New,3,1212.56333333333,3637.69
96149069,Regular,1,3628.23,3628.23
97315135,New,2,1811.54,3623.08
49756591,Inactive,3,1203.42666666667,3610.28
1174162,Premium,3,1202.26,3606.78
64722323,New,1,3606.37,3606.37
11228463,Inactive,1,3598.91,3598.91
95736310,Premium,1,3597.75,3597.75
10605484,Inactive,2,1798.76,3597.52
57102800,Inactive,3,1198.05,3594.15
63624332,Inactive,1,3588.19,3588.19
40667183,New,1,3587.82,3587.82
99714944,New,3,1192.28666666667,3576.86
35349582,Premium,2,1786.415,3572.83
33370343,Premium,1,3570.08,3570.08
95018817,Inactive,2,1783.99,3567.98
59643062,Inactive,1,3566.13,3566.13
58929595,Regular,2,1782.0,3564.0
71235336,Regular,1,3561.22,3561.22
70243933,Regular,1,3559.69,3559.69
949062,Inactive,1,3558.14,3558.14
91614690,Premium,1,3551.54,3551.54
49833888,Inactive,1,3541.32,3541.32
91973128,Premium,1,3536.94,3536.94
62816600,Inactive,1,3536.35,3536.35
1655637,Regular,1,3517.14,3517.14
33295496,Premium,1,3502.77,3502.77
21270783,New,1,3496.28,3496.28
72263318,Inactive,2,1747.275,3494.55
89867195,Premium,1,3494.42,3494.42
71755645,Regular,1,3494.41,3494.41
60275891,Regular,1,3494.17,3494.17
29600229,Inactive,1,3493.45,3493.45
10524732,Regular,3,1164.03,3492.09
53025962,Premium,2,1745.08,3490.16
48284116,Inactive,2,1744.75,3489.5
35049420,Regular,1,3483.31,3483.31
53076417,Inactive,2,1738.72,3477.44
74762653,Premium,1,3473.22,3473.22
48730063,New,2,1736.51,3473.02
1469696,Premium,2,1736.24,3472.48
4940671,Inactive,1,3471.7,3471.7
21866852,Premium,2,1728.88,3457.76
71229024,New,2,1728.84,3457.68
24104630,Premium,2,1728.555,3457.11
60700850,Regular,2,1726.25,3452.5
60399360,Premium,2,1723.56,3447.12
72605638,Inactive,3,1148.18333333333,3444.55
77625089,New,1,3442.8,3442.8
27955158,New,1,3434.25,3434.25
78614729,New,2,1714.825,3429.65
25294147,New,1,3427.02,3427.02
15484407,Premium,3,1142.13,3426.39
15661901,Regular,2,1710.285,3420.57
79726146,New,1,3415.39,3415.39
85476508,Inactive,1,3410.49,3410.49
11540364,New,1,3402.86,3402.86
91590001,Premium,2,1701.105,3402.21
26716400,Premium,2,1699.53,3399.06
13871547,Premium,2,1698.19,3396.38
14479168,New,2,1697.76,3395.52
95428692,New,2,1697.645,3395.29
80858127,Premium,1,3393.32,3393.32
59545278,New,3,1130.87666666667,3392.63
52075070,Regular,2,1696.0,3392.0
15417130,New,1,3391.72,3391.72
62971413,Inactive,2,1695.135,3390.27
79773912,Regular,2,1695.08,3390.16
90621147,Premium,3,1127.78666666667,3383.36
79257353,New,2,1691.07,3382.14
644189,Premium,1,3376.0,3376.0
93735495,Regular,1,3373.41,3373.41
69762479,New,1,3373.0,3373.0
42615134,Inactive,1,3371.28,3371.28
54338574,Premium,2,1685.025,3370.05
57360162,Regular,3,1121.56333333333,3364.69
59769142,New,2,1681.19,3362.38
81091233,Regular,2,1677.47,3354.94
33608451,Inactive,1,3352.28,3352.28
24644542,New,3,1116.65333333333,3349.96
31233120,Regular,2,1671.545,3343.09
9423628,Inactive,1,3342.15,3342.15
85177880,Regular,1,3340.2,3340.2
13265605,Premium,1,3337.4,3337.4
81373608,Inactive,1,3335.13,3335.13
76970363,Regular,3,1110.27333333333,3330.82
79169760,New,2,1665.29,3330.58
10796846,Regular,1,3330.44,3330.44
48481702,Regular,1,3323.75,3323.75
15345667,Premium,1,3322.54,3322.54
49769532,Premium,1,3321.85,3321.85
68016312,Regular,3,1106.88333333333,3320.65
4862761,Premium,2,1658.595,3317.19
15931134,Inactive,2,1657.55,3315.1
54145987,Premium,3,1103.56333333333,3310.69
28458746,New,2,1652.715,3305.43
97259564,Premium,2,1650.37,3300.74
80759416,Premium,1,3299.24,3299.24
57217288,Regular,1,3297.69,3297.69
52770036,New,3,1098.55666666667,3295.67
34697768,Regular,1,3293.03,3293.03
20314691,Inactive,1,3291.28,3291.28
14330483,Premium,2,1643.315,3286.63
52417972,New,3,1095.53333333333,3286.6
87641623,Regular,2,1642.035,3284.07
5712468,Inactive,2,1640.2,3280.4
45481936,Premium,2,1640.105,3280.21
46802633,Premium,2,1638.605,3277.21
65772743,Regular,1,3268.84,3268.84
66140659,Premium,1,3268.53,3268.53
18199057,Inactive,2,1632.015,3264.03
57765367,Premium,2,1631.17,3262.34
34655710,Inactive,3,1086.32666666667,3258.98
93867669,Inactive,1,3235.64,3235.64
30468930,Regular,1,3217.54,3217.54
87984862,Premium,1,3214.61,3214.61
91228580,Regular,1,3211.74,3211.74
98625898,Premium,2,1603.985,3207.97
83588803,New,1,3207.16,3207.16
90586443,New,2,1599.64,3199.28
84986716,Regular,1,3196.92,3196.92
22974816,Premium,1,3194.98,3194.98
57642258,Premium,3,1061.84,3185.52
81500385,New,2,1591.075,3182.15
36774480,Regular,2,1590.13,3180.26
3730316,Regular,3,1057.95,3173.85
64748953,Inactive,1,3157.47,3157.47
12455156,Inactive,3,1052.48666666667,3157.46
81994445,Premium,2,1575.52,3151.04
78412820,New,2,1566.15,3132.3
3002538,Inactive,2,1565.37,3130.74
39423691,New,1,3130.27,3130.27
41494867,New,2,1562.355,3124.71
92091019,Regular,1,3117.45,3117.45
24896263,Regular,1,3112.29,3112.29
64403005,New,1,3112.28,3112.28
6959437,Premium,3,1037.35666666667,3112.07
966247,Inactive,1,3110.34,3110.34
78158536,Premium,1,3096.42,3096.42
53557741,Inactive,1,3092.96,3092.96
47822591,Regular,1,3090.86,3090.86
27304727,Regular,1,3090.23,3090.23
6622751,Inactive,1,3090.15,3090.15
24745800,Premium,1,3086.21,3086.21
61002154,Regular,1,3081.38,3081.38
98691989,Regular,2,1537.715,3075.43
59517074,Premium,1,3075.26,3075.26
90298394,Regular,3,1024.78,3074.34
3875480,Inactive,1,3071.72,3071.72
63060947,New,1,3069.98,3069.98
44174426,New,1,3064.36,3064.36
87943214,Inactive,1,3056.86,3056.86
78209683,Premium,1,3051.04,3051.04
52678787,New,1,3045.23,3045.23
38694209,Premium,1,3043.5,3043.5
35812567,Regular,1,3043.32,3043.32
19771128,Regular,1,3041.96,3041.96
33998721,New,1,3038.93,3038.93
55056284,Inactive,2,1518.11,3036.22
9981089,Premium,2,1517.925,3035.85
32564478,Premium,1,3025.16,3025.16
40858753,Regular,2,1509.22,3018.44
17201639,New,1,3012.27,3012.27
79742293,Regular,2,1505.975,3011.95
11470681,New,1,3007.93,3007.93
8881320,Regular,2,1503.18,3006.36
68475914,Inactive,2,1502.625,3005.25
71615827,Premium,2,1502.02,3004.04
66499992,Regular,2,1501.52,3003.04
66427343,Premium,2,1500.98,3001.96
87889031,Regular,2,1496.43,2992.86
97928541,New,1,2983.11,2983.11
10700664,Regular,3,992.963333333333,2978.89
89874335,New,1,2976.93,2976.93
45071436,Inactive,2,1485.74,2971.48
13492411,Regular,2,1482.295,2964.59
22822088,New,1,2962.71,2962.71
19523856,Premium,1,2961.15,2961.15
71321741,Regular,2,1479.875,2959.75
46313756,Premium,3,984.28,2952.84
83597876,Premium,2,1474.185,2948.37
47387512,Regular,1,2943.17,2943.17
74840437,Inactive,1,2939.42,2939.42
5754255,Inactive,3,979.646666666667,2938.94
94165062,Inactive,1,2931.44,2931.44
82322028,New,1,2930.91,2930.91
87691707,Inactive,1,2930.46,2930.46
74833221,Regular,1,2926.98,2926.98
78014505,New,1,2926.42,2926.42
49117070,Inactive,1,2925.56,2925.56
11387110,Premium,1,2922.5,2922.5
62807542,Premium,2,1458.27,2916.54
40117357,New,1,2915.52,2915.52
77345018,Regular,2,1456.21,2912.42
74761384,Premium,2,1452.8,2905.6
98152679,Regular,2,1452.69,2905.38
84572019,Inactive,2,1452.33,2904.66
31923338,New,2,1445.27,2890.54
64906311,Inactive,1,2890.11,2890.11
47215976,Premium,3,962.023333333333,2886.07
37551429,Regular,2,1437.13,2874.26
27504517,New,3,956.443333333333,2869.33
76864442,Regular,1,2866.57,2866.57
72576730,Regular,2,1432.875,2865.75
90372221,Regular,2,1430.785,2861.57
95382317,New,1,2857.54,2857.54
36578947,New,2,1428.725,2857.45
37245065,Inactive,2,1428.025,2856.05
23567263,New,1,2854.52,2854.52
96042320,New,1,2846.85,2846.85
22613559,Premium,1,2843.52,2843.52
90696847,Regular,1,2841.51,2841.51
74572121,Inactive,1,2840.82,2840.82
43066953,Regular,1,2839.24,2839.24
15599514,Regular,1,2831.58,2831.58
95858939,Regular,2,1414.3,2828.6
51034600,Inactive,2,1414.28,2828.56
57566548,Regular,3,939.953333333333,2819.86
24496983,Regular,2,1408.355,2816.71
16780752,Premium,1,2814.99,2814.99
41168392,Premium,2,1405.47,2810.94
91312072,Inactive,2,1401.0,2802.0
54347213,Premium,2,1397.98,2795.96
93937586,New,1,2790.84,2790.84
76512976,New,2,1395.365,2790.73
50680889,New,1,2783.74,2783.74
91768226,Regular,1,2783.14,2783.14
37926207,New,1,2762.95,2762.95
50229203,Regular,2,1380.66,2761.32
10240052,Regular,2,1377.695,2755.39
85854265,Premium,2,1377.13,2754.26
47043878,Premium,2,1376.7,2753.4
98896871,Regular,2,1370.965,2741.93
78157360,Regular,3,913.233333333333,2739.7
6245778,Premium,3,912.256666666667,2736.77
66130660,New,2,1368.0,2736.0
6724509,New,3,911.516666666667,2734.55
95768401,Inactive,2,1365.5,2731.0
75566105,Regular,2,1362.645,2725.29
99412119,New,1,2721.96,2721.96
79298972,Regular,2,1358.585,2717.17
64823226,Premium,1,2704.64,2704.64
70615775,Inactive,2,1350.825,2701.65
81377917,Inactive,1,2699.14,2699.14
5043760,Regular,2,1345.58,2691.16
44139071,Regular,2,1343.835,2687.67
57579640,Premium,1,2687.31,2687.31
37288781,New,1,2685.25,2685.25
97144544,Regular,1,2679.81,2679.81
70084516,New,1,2662.16,2662.16
11503405,Regular,1,2661.8,2661.8
86479284,Premium,2,1329.3,2658.6
98144693,Premium,1,2657.2,2657.2
59830126,New,1,2656.43,2656.43
72495274,New,1,2656.18,2656.18
41439103,Premium,1,2655.22,2655.22
4543215,Premium,1,2653.37,2653.37
5277675,Premium,2,1325.18,2650.36
22077605,Inactive,2,1324.275,2648.55
88111697,Regular,1,2646.85,2646.85
40387944,Regular,2,1320.63,2641.26
30891209,New,1,2639.67,2639.67
81352781,Regular,1,2638.38,2638.38
94179692,New,1,2638.02,2638.02
92038780,Premium,2,1318.63,2637.26
80476444,Premium,1,2634.39,2634.39
5418547,Regular,2,1316.78,2633.56
13963450,New,1,2630.12,2630.12
42514124,Inactive,3,876.67,2630.01
62917794,Regular,2,1312.14,2624.28
3100301,New,1,2618.61,2618.61
18259715,Regular,4,653.8175,2615.27
42465414,Regular,2,1303.14,2606.28
5001749,Inactive,2,1302.225,2604.45
94706375,Regular,1,2600.22,2600.22
77618011,Inactive,1,2593.91,2593.91
28280172,Premium,1,2583.14,2583.14
34713143,Premium,1,2577.7,2577.7
16082651,Regular,2,1285.55,2571.1
58415368,New,1,2564.44,2564.44
43377076,New,2,1279.44,2558.88
76438648,New,1,2556.83,2556.83
55803572,Premium,1,2551.93,2551.93
18940384,New,1,2549.18,2549.18
76604145,Regular,1,2541.96,2541.96
62868582,New,1,2537.11,2537.11
55404382,Premium,2,1263.755,2527.51
99784559,Inactive,1,2527.14,2527.14
83304462,Premium,2,1262.85,2525.7
25287111,Inactive,1,2506.93,2506.93
10686446,New,1,2505.6,2505.6
61522288,New,2,1251.42,2502.84
38478423,Premium,2,1249.995,2499.99
85016568,Regular,1,2498.22,2498.22
53640286,Premium,2,1247.875,2495.75
32006907,Regular,1,2494.47,2494.47
54038173,Premium,1,2490.79,2490.79
95594611,Regular,1,2490.28,2490.28
96640716,New,2,1243.365,2486.73
23982977,New,2,1240.805,2481.61
26592009,Premium,1,2475.69,2475.69
81174361,Inactive,1,2474.23,2474.23
14367270,Inactive,2,1234.19,2468.38
63858550,Premium,2,1233.53,2467.06
28876580,Inactive,1,2465.17,2465.17
72857290,Inactive,2,1232.155,2464.31
75490147,Inactive,2,1230.445,2460.89
63092485,Premium,1,2457.47,2457.47
34761418,New,1,2457.2,2457.2
29858395,Inactive,1,2455.82,2455.82
21779155,New,1,2455.38,2455.38
56250563,Premium,1,2440.73,2440.73
50632192,Premium,3,813.36,2440.08
28205701,Inactive,2,1217.085,2434.17
12415659,New,1,2431.37,2431.37
28289030,Regular,1,2429.09,2429.09
4356173,New,3,809.636666666667,2428.91
87457446,Premium,1,2424.07,2424.07
77015367,Regular,2,1211.085,2422.17
41395224,Regular,1,2419.46,2419.46
52279849,Regular,1,2411.61,2411.61
94078407,Premium,1,2410.88,2410.88
15733078,Regular,1,2406.32,2406.32
31981068,Regular,1,2405.76,2405.76
1771249,New,1,2399.6,2399.6
10508763,Premium,2,1198.375,2396.75
81655250,Regular,1,2392.8,2392.8
35302195,New,2,1195.97,2391.94
80800079,Inactive,2,1195.025,2390.05
85474732,Premium,1,2389.83,2389.83
11775073,Regular,1,2388.23,2388.23
66252737,Premium,1,2382.03,2382.03
67465084,Premium,2,1188.54,2377.08
54216497,New,1,2373.52,2373.52
52337289,New,1,2368.0,2368.0
70220141,Premium,3,788.39,2365.17
767523,Inactive,1,2358.76,2358.76
87266831,New,2,1172.475,2344.95
95001589,Regular,2,1170.575,2341.15
91868185,New,2,1168.99,2337.98
22161071,New,1,2337.12,2337.12
16359370,Premium,1,2333.7,2333.7
40692378,New,1,2330.28,2330.28
65221572,New,1,2319.65,2319.65
44198187,Regular,1,2313.22,2313.22
34381941,Inactive,1,2310.95,2310.95
68714053,New,2,1154.51,2309.02
4057678,Inactive,2,1148.215,2296.43
13424885,Premium,1,2294.95,2294.95
91384030,Premium,1,2292.56,2292.56
44888581,Inactive,2,1145.775,2291.55
18170800,Regular,1,2282.55,2282.55
83610315,Inactive,1,2282.13,2282.13
13461704,Premium,1,2279.47,2279.47
39976965,Regular,2,1139.405,2278.81
55472026,New,2,1138.885,2277.77
31410886,Inactive,1,2272.72,2272.72
58513300,Premium,2,1135.79,2271.58
41261495,Inactive,2,1134.365,2268.73
10608845,Premium,1,2265.63,2265.63
96628029,Premium,2,1132.71,2265.42
61015113,Regular,2,1130.775,2261.55
66269844,Premium,2,1128.485,2256.97
30755306,Inactive,1,2256.38,2256.38
84862161,New,2,1122.21,2244.42
10830043,New,1,2244.39,2244.39
62526813,Inactive,1,2241.22,2241.22
88779806,Regular,1,2239.85,2239.85
90299101,Regular,1,2238.94,2238.94
10797688,New,1,2232.88,2232.88
50652909,Regular,1,2232.88,2232.88
63184222,Inactive,1,2232.82,2232.82
58214883,Regular,2,1115.655,2231.31
45546750,Premium,1,2229.88,2229.88
81088747,Regular,2,1114.29,2228.58
64316806,Regular,3,739.3,2217.9
8138417,Premium,1,2209.24,2209.24
3638834,Premium,2,1103.98,2207.96
68906393,Regular,1,2200.67,2200.67
10210309,Inactive,1,2190.34,2190.34
66866026,Regular,1,2189.02,2189.02
17106161,Inactive,1,2184.02,2184.02
41811800,Regular,2,1091.74,2183.48
35885052,Inactive,2,1089.885,2179.77
34580200,Premium,1,2174.92,2174.92
51994597,Regular,2,1086.655,2173.31
56764791,Regular,1,2172.56,2172.56
12769552,Regular,1,2169.15,2169.15
94430842,New,1,2163.71,2163.71
71276926,Inactive,1,2163.69,2163.69
20469626,Regular,1,2161.37,2161.37
30979436,Regular,2,1079.635,2159.27
99406165,Premium,2,1076.355,2152.71
40275138,Inactive,3,716.1,2148.3
20209237,Regular,2,1073.72,2147.44
26412689,Regular,1,2147.13,2147.13
89472859,Inactive,1,2144.77,2144.77
55552600,Regular,1,2140.11,2140.11
33685414,Regular,2,1069.31,2138.62
15043066,Inactive,1,2129.39,2129.39
38709137,Inactive,1,2128.54,2128.54
49371494,Regular,2,1063.095,2126.19
58152923,Premium,1,2125.71,2125.71
74195536,Premium,1,2120.77,2120.77
73735548,Premium,1,2117.45,2117.45
54057428,New,1,2115.53,2115.53
10951674,Inactive,2,1055.165,2110.33
26227445,Regular,1,2108.47,2108.47
48033969,Premium,2,1052.895,2105.79
66710182,Inactive,1,2094.62,2094.62
50630016,Inactive,2,1045.435,2090.87
37309023,Premium,3,695.553333333333,2086.66
12507907,Regular,2,1042.56,2085.12
89142848,New,1,2075.02,2075.02
58505903,New,2,1036.685,2073.37
5140660,Inactive,1,2066.77,2066.77
70170606,Premium,1,2054.08,2054.08
32500305,New,2,1026.39,2052.78
12088552,Premium,2,1024.91,2049.82
28173165,Inactive,1,2037.05,2037.05
88843865,Regular,1,2033.74,2033.74
88684966,New,1,2024.16,2024.16
8886587,Regular,1,2023.82,2023.82
27692428,Regular,2,1010.9,2021.8
10541231,Premium,2,1007.71,2015.42
13122744,Regular,1,2013.55,2013.55
37904682,Premium,1,2010.82,2010.82
83964902,Regular,1,2010.29,2010.29
35237846,Premium,1,2010.17,2010.17
81605722,Regular,3,668.763333333333,2006.29
75860724,Premium,2,1002.335,2004.67
48268435,Inactive,2,999.125,1998.25
18986315,Premium,1,1996.55,1996.55
25221501,Regular,2,995.475,1990.95
25795941,Regular,1,1983.84,1983.84
9419030,Inactive,1,1973.65,1973.65
72564495,New,1,1969.21,1969.21
21456226,New,1,1966.28,1966.28
49881540,Inactive,2,973.525,1947.05
41146001,Regular,2,964.025,1928.05
90144978,Regular,1,1927.44,1927.44
40643232,Regular,2,962.505,1925.01
70391758,Premium,1,1917.36,1917.36
69088723,New,1,1914.81,1914.81
82374625,New,2,955.615,1911.23
59353207,Inactive,2,954.875,1909.75
26250082,New,1,1905.92,1905.92
55170753,Inactive,2,951.355,1902.71
17390673,Regular,2,944.335,1888.67
30265929,Premium,1,1887.26,1887.26
84993732,Regular,2,937.33,1874.66
53354003,New,2,934.76,1869.52
82032191,New,1,1865.04,1865.04
24000329,Premium,1,1864.68,1864.68
39150258,Inactive,1,1858.93,1858.93
57662767,Premium,2,929.31,1858.62
99627097,New,2,928.345,1856.69
70966268,New,1,1854.55,1854.55
38133873,Premium,2,925.625,1851.25
91853589,New,1,1848.84,1848.84
773410,New,1,1838.15,1838.15
78439088,Regular,1,1831.85,1831.85
89950235,Premium,1,1827.9,1827.9
62828341,Inactive,1,1826.22,1826.22
26432512,New,1,1825.16,1825.16
85088479,Inactive,1,1819.74,1819.74
51556553,Premium,1,1817.16,1817.16
76441843,New,1,1813.08,1813.08
81528623,Premium,2,905.015,1810.03
9195970,New,1,1809.72,1809.72
34156884,Regular,2,897.175,1794.35
68939350,Premium,1,1793.45,1793.45
87335844,Premium,2,891.96,1783.92
81346291,Premium,2,889.885,1779.77
62419778,Premium,1,1777.65,1777.65
25447967,Regular,1,1772.45,1772.45
36587003,New,1,1765.22,1765.22
99594960,Inactive,1,1763.79,1763.79
12469338,Inactive,2,878.875,1757.75
88965399,Regular,1,1756.7,1756.7
27694927,Premium,1,1751.84,1751.84
79942821,Premium,1,1746.31,1746.31
79630614,Regular,2,871.195,1742.39
31527100,Inactive,1,1742.0,1742.0
88745052,Regular,1,1740.54,1740.54
37227953,Inactive,1,1735.7,1735.7
89523804,Inactive,1,1731.34,1731.34
19425804,Inactive,2,865.395,1730.79
35133191,Regular,1,1725.22,1725.22
26199489,Inactive,2,861.8,1723.6
38568692,New,1,1723.54,1723.54
92409489,Regular,3,574.04,1722.12
19179897,Premium,1,1721.08,1721.08
73661993,Inactive,2,857.55,1715.1
35435896,Premium,1,1714.38,1714.38
6812439,Premium,3,570.953333333333,1712.86
57770044,Regular,2,856.41,1712.82
50392139,Inactive,1,1711.61,1711.61
8536503,Regular,2,855.595,1711.19
49258916,Inactive,1,1706.73,1706.73
61024977,New,1,1705.98,1705.98
52048413,Inactive,1,1705.95,1705.95
85747175,Premium,1,1705.25,1705.25
57063557,Inactive,1,1686.55,1686.55
39959491,Premium,1,1685.01,1685.01
31622158,New,1,1682.78,1682.78
2667357,Premium,1,1666.89,1666.89
38244021,Inactive,1,1666.68,1666.68
23996221,Inactive,1,1663.27,1663.27
97484394,Inactive,1,1662.15,1662.15
86483673,Regular,1,1659.75,1659.75
59619739,New,1,1657.57,1657.57
23448955,Premium,1,1656.08,1656.08
53100521,Inactive,1,1648.07,1648.07
63217390,Inactive,1,1634.92,1634.92
32595806,Inactive,1,1628.06,1628.06
63083547,Regular,2,812.3,1624.6
51544662,New,2,811.49,1622.98
59909004,New,1,1620.95,1620.95
63402854,New,2,810.26,1620.52
12695670,Premium,2,809.98,1619.96
67271824,Inactive,1,1619.89,1619.89
56480776,Regular,1,1614.08,1614.08
40626729,Regular,1,1613.11,1613.11
13415362,Inactive,1,1609.53,1609.53
16376189,Premium,1,1609.25,1609.25
31978160,New,1,1608.11,1608.11
3483295,Inactive,1,1596.72,1596.72
63376126,Inactive,1,1592.28,1592.28
15796277,New,1,1589.89,1589.89
7378768,New,2,793.62,1587.24
57896058,Regular,1,1583.71,1583.71
85490177,Regular,1,1549.44,1549.44
1200365,Regular,2,771.885,1543.77
22846435,Inactive,1,1543.13,1543.13
32656885,New,1,1540.06,1540.06
83348353,Inactive,1,1535.36,1535.36
86294036,Inactive,1,1534.27,1534.27
19145354,Inactive,1,1525.58,1525.58
60728956,Premium,1,1525.5,1525.5
26805477,New,1,1520.7,1520.7
15534747,Inactive,2,759.87,1519.74
47515046,New,2,759.485,1518.97
46828932,Premium,1,1517.0,1517.0
96171594,Regular,1,1513.03,1513.03
94404245,Inactive,1,1498.34,1498.34
12302179,Premium,1,1497.01,1497.01
34074184,New,1,1492.14,1492.14
63292875,Premium,1,1491.21,1491.21
67701771,Premium,1,1488.19,1488.19
52862822,Regular,1,1487.29,1487.29
21784094,Regular,1,1479.69,1479.69
40256341,Regular,1,1477.71,1477.71
76008165,Premium,1,1474.48,1474.48
9347990,Premium,2,730.895,1461.79
45383958,New,1,1460.67,1460.67
30367559,Regular,1,1456.96,1456.96
93127511,Inactive,2,724.985,1449.97
8073518,Premium,1,1448.27,1448.27
25915909,New,1,1445.95,1445.95
8632679,Regular,1,1442.99,1442.99
6617417,Inactive,1,1441.9,1441.9
43519553,Premium,1,1441.0,1441.0
54375571,Premium,1,1440.56,1440.56
60210778,Regular,1,1439.58,1439.58
65543312,New,1,1438.16,1438.16
91072336,Premium,1,1435.7,1435.7
20122449,New,1,1435.13,1435.13
86167288,Inactive,1,1422.49,1422.49
83039559,Premium,2,710.855,1421.71
12141418,Inactive,1,1421.52,1421.52
94281220,Regular,2,708.85,1417.7
52672659,Regular,1,1416.18,1416.18
28499191,Premium,2,707.005,1414.01
3421258,Premium,2,703.56,1407.12
1301661,Inactive,1,1395.67,1395.67
74515162,New,1,1394.47,1394.47
72702075,Regular,1,1388.01,1388.01
80952275,New,1,1385.54,1385.54
80269328,Premium,1,1382.07,1382.07
2391900,New,1,1381.22,1381.22
41612464,Regular,1,1380.66,1380.66
31619915,New,1,1379.82,1379.82
31831843,Inactive,2,689.54,1379.08
56352626,Regular,1,1367.96,1367.96
84826389,Premium,1,1367.34,1367.34
36885115,Regular,1,1363.04,1363.04
36517334,Premium,2,679.605,1359.21
70221073,Premium,1,1358.19,1358.19
82708090,Premium,1,1354.27,1354.27
28277304,Inactive,1,1350.28,1350.28
3399251,New,1,1348.39,1348.39
62541176,New,1,1343.84,1343.84
22524981,New,1,1333.69,1333.69
91789216,New,1,1332.79,1332.79
71767248,New,1,1324.37,1324.37
9796585,Inactive,2,660.55,1321.1
22571994,Regular,1,1308.05,1308.05
25665997,Regular,1,1306.86,1306.86
27824078,Inactive,1,1305.23,1305.23
11082181,Premium,1,1303.23,1303.23
21809858,Inactive,2,641.075,1282.15
57213543,Regular,1,1277.83,1277.83
73586244,New,1,1266.44,1266.44
10088428,Premium,1,1253.07,1253.07
23976957,New,1,1252.01,1252.01
50527764,Premium,1,1246.63,1246.63
2848415,Inactive,1,1233.33,1233.33
408590,Regular,1,1217.39,1217.39
98930670,Regular,1,1214.68,1214.68
17939362,Inactive,1,1213.48,1213.48
26936578,Regular,1,1204.48,1204.48
1152215,Inactive,1,1203.31,1203.31
15391556,Inactive,1,1199.03,1199.03
82770142,New,1,1195.03,1195.03
34526570,New,2,592.76,1185.52
55936462,New,1,1179.35,1179.35
69340015,Premium,2,587.43,1174.86
87444738,Inactive,1,1173.0,1173.0
48765625,Inactive,1,1172.69,1172.69
17843667,New,1,1153.83,1153.83
16256136,Regular,2,575.635,1151.27
54619715,Inactive,2,574.79,1149.58
16485871,Premium,1,1135.56,1135.56
46684081,Premium,1,1131.6,1131.6
93458307,Inactive,1,1119.19,1119.19
81046421,Inactive,1,1114.77,1114.77
8375298,Premium,2,556.22,1112.44
13197985,Premium,1,1107.38,1107.38
10769994,Regular,2,552.845,1105.69
69276352,Inactive,2,548.88,1097.76
26521850,New,2,547.73,1095.46
51387106,New,1,1086.27,1086.27
67896836,New,1,1080.49,1080.49
16640907,Regular,1,1078.17,1078.17
58873572,Premium,1,1076.03,1076.03
54680459,Regular,1,1075.43,1075.43
72797175,Regular,1,1073.16,1073.16
1497747,Inactive,1,1072.62,1072.62
20835909,Premium,1,1063.55,1063.55
53399500,Regular,1,1063.23,1063.23
10683250,Regular,2,528.845,1057.69
33658749,Inactive,2,528.49,1056.98
86499778,Regular,1,1047.98,1047.98
65782437,New,1,1042.86,1042.86
39645619,Regular,1,1039.32,1039.32
59427862,Premium,1,1036.64,1036.64
16341776,New,1,1036.38,1036.38
67528368,Premium,1,1031.19,1031.19
66440188,Premium,1,1019.38,1019.38
66629497,Regular,1,1015.2,1015.2
92604392,Premium,1,1015.0,1015.0
60565603,New,2,503.095,1006.19
31384626,Regular,1,1001.25,1001.25
68063317,Inactive,2,497.885,995.77
14294171,Regular,1,995.56,995.56
17696094,New,1,994.56,994.56
43243913,Regular,1,993.86,993.86
20951294,Premium,1,989.88,989.88
33280073,Inactive,1,989.77,989.77
77217240,Premium,1,983.79,983.79
65368179,Premium,1,976.55,976.55
2928026,New,1,972.69,972.69
81462774,Regular,1,972.69,972.69
91602727,Inactive,1,968.94,968.94
89418072,Regular,1,968.65,968.65
58115779,Regular,2,483.075,966.15
55733729,Premium,1,959.01,959.01
98241853,Premium,1,959.01,959.01
13284996,Regular,1,956.4,956.4
87222820,Inactive,1,951.43,951.43
2517955,Regular,1,950.6,950.6
59141605,New,3,316.223333333333,948.67
6992801,Premium,1,942.37,942.37
38780509,Regular,1,940.61,940.61
82160592,New,1,940.44,940.44
4606533,Premium,1,938.72,938.72
19393135,Regular,1,938.37,938.37
97277696,Premium,1,933.3,933.3
67046342,New,1,932.79,932.79
69749541,Premium,1,930.92,930.92
32203588,Premium,2,464.69,929.38
37802267,New,1,927.52,927.52
3893903,New,1,923.84,923.84
64846124,Inactive,1,918.45,918.45
13567338,Premium,1,916.92,916.92
17675915,Inactive,1,913.2,913.2
48167795,New,2,456.585,913.17
88130777,New,1,909.62,909.62
60591625,New,1,906.54,906.54
3660263,Regular,1,899.58,899.58
3410758,Regular,1,898.05,898.05
34425723,Regular,1,890.42,890.42
42432226,Premium,2,442.945,885.89
29265216,New,1,878.07,878.07
25850478,Inactive,1,874.78,874.78
77220027,Premium,1,874.78,874.78
87107263,Inactive,2,434.625,869.25
50484778,Inactive,1,866.17,866.17
4200802,Inactive,1,858.57,858.57
77320193,Premium,1,852.02,852.02
82700270,New,1,848.94,848.94
41494517,Inactive,2,422.51,845.02
7522036,Premium,1,845.0,845.0
69353754,Premium,1,841.61,841.61
81160474,Premium,1,839.84,839.84
6081270,Inactive,1,836.16,836.16
9641623,Premium,1,835.53,835.53
12090436,Regular,1,834.86,834.86
18326028,Inactive,1,833.93,833.93
69034027,Regular,1,832.06,832.06
72675976,Premium,1,831.43,831.43
88167544,New,1,831.1,831.1
50650215,New,1,827.77,827.77
91320466,Premium,1,826.21,826.21
10789681,Regular,1,825.46,825.46
80499378,Inactive,1,825.46,825.46
28350645,Inactive,2,412.495,824.99
61226835,Premium,1,806.56,806.56
2134827,New,1,805.28,805.28
8384106,Premium,1,796.88,796.88
64489709,Premium,1,786.02,786.02
42272393,New,1,785.67,785.67
43980719,New,1,785.67,785.67
58631874,New,1,782.49,782.49
95558510,Inactive,1,778.27,778.27
90666073,Inactive,1,773.17,773.17
60049160,New,2,383.54,767.08
46682777,Inactive,1,765.76,765.76
43799224,Regular,2,382.635,765.27
29664214,Regular,1,764.69,764.69
68307253,Premium,1,763.12,763.12
84257716,New,1,758.75,758.75
44859592,New,1,755.91,755.91
17521263,Inactive,1,738.71,738.71
97509888,Inactive,1,735.43,735.43
57207678,New,1,726.41,726.41
73807097,Inactive,1,724.84,724.84
59197894,Inactive,1,723.44,723.44
32809328,Premium,2,354.91,709.82
77086074,Regular,1,707.67,707.67
54885705,Premium,2,351.77,703.54
86050297,Inactive,1,703.11,703.11
59323931,Inactive,1,698.04,698.04
59345983,Regular,1,674.39,674.39
24988999,Regular,1,665.98,665.98
83155219,Inactive,1,654.31,654.31
78053306,Inactive,1,646.54,646.54
59930550,Inactive,1,645.44,645.44
32868927,New,1,634.28,634.28
73891999,New,1,626.67,626.67
16230299,Regular,1,626.19,626.19
63349378,Regular,1,616.62,616.62
90647204,New,1,589.61,589.61
38613295,New,1,580.18,580.18
29941225,Premium,1,559.88,559.88
19705695,Premium,1,556.76,556.76
55278329,Inactive,1,552.2,552.2
92583164,Premium,1,534.55,534.55
50045027,Regular,1,530.85,530.85
90882023,Premium,1,517.77,517.77
4444673,New,1,491.39,491.39
51812283,Regular,1,486.28,486.28
77661491,New,1,483.05,483.05
23755474,Premium,1,479.64,479.64
63025744,Regular,1,477.12,477.12
89051578,Premium,1,475.04,475.04
42872865,Inactive,1,474.34,474.34
56248757,Premium,1,464.47,464.47
78750264,Inactive,1,461.74,461.74
81229704,Premium,1,445.48,445.48
77306672,Regular,1,443.69,443.69
58085779,New,1,435.48,435.48
71411879,Regular,1,426.72,426.72
21432404,Inactive,1,424.61,424.61
5700842,Regular,1,419.13,419.13
71176678,Regular,1,397.68,397.68
54837637,Regular,1,385.71,385.71
81102955,Premium,1,374.68,374.68
3468355,New,1,367.08,367.08
49869358,Regular,1,367.08,367.08
72359843,Premium,1,367.08,367.08
94552818,Inactive,1,361.98,361.98
17392512,Premium,1,361.89,361.89
15529446,Premium,2,179.035,358.07
97739583,Inactive,1,340.66,340.66
75028268,Inactive,1,340.36,340.36
28221067,Regular,1,338.14,338.14
89998489,Premium,1,329.79,329.79
16448993,Inactive,1,328.51,328.51
46023497,Premium,1,325.08,325.08
75944533,Inactive,1,316.02,316.02
2875442,Premium,1,310.87,310.87
52915166,Inactive,1,309.62,309.62
9551011,Inactive,1,307.23,307.23
76202036,Inactive,1,284.69,284.69
64106072,Inactive,1,281.73,281.73
83058329,Inactive,1,275.03,275.03
53815931,Inactive,1,267.29,267.29
89811984,Regular,1,263.7,263.7
36462363,Inactive,1,261.03,261.03
43307488,Regular,1,261.03,261.03
97174235,Regular,1,255.35,255.35
46088132,New,1,242.57,242.57
76830090,New,1,242.57,242.57
39301587,Regular,1,236.51,236.51
27416314,Inactive,1,230.58,230.58
76377003,Inactive,1,227.22,227.22
40419593,Inactive,1,225.21,225.21
66233704,Inactive,1,223.27,223.27
666589,Regular,1,222.15,222.15
12655794,Regular,1,217.5,217.5
74548003,Regular,1,212.14,212.14
55007963,New,1,209.59,209.59
73679086,New,1,197.39,197.39
8817168,Inactive,1,196.64,196.64
13462905,Premium,1,176.34,176.34
52815265,New,1,171.2,171.2
29431960,Premium,1,169.88,169.88
65396354,Inactive,1,166.42,166.42
3872421,Premium,1,163.03,163.03
88215615,New,1,163.03,163.03
60974181,Premium,1,160.07,160.07
15897933,Regular,1,154.5,154.5
6853981,Inactive,1,141.28,141.28
17681645,Premium,1,136.6,136.6
4458329,Inactive,1,127.16,127.16
43459807,Premium,1,123.74,123.74
18229949,Inactive,1,102.44,102.44
90753712,Regular,1,96.09,96.09
73098723,New,1,90.56,90.56
47990044,New,1,77.11,77.11
16617201,New,1,53.49,53.49
97111119,Regular,1,50.12,50.12
83034412,New,1,48.55,48.55
954629,New,1,44.35,44.35
5901440,Premium,1,39.65,39.65
97388817,Regular,1,39.65,39.65
70420271,New,1,22.14,22.14
