customer_id,customer_segment,avg_rating,feedback_count,avg_order_value
666589,Regular,5.0,1,222.15
1771249,New,5.0,1,2399.6
2188994,Inactive,5.0,1,3750.59
2365348,Regular,5.0,1,4789.73
2517955,Regular,5.0,1,950.6
3660263,Regular,5.0,1,899.58
5277675,Premium,5.0,4,1325.18
6291143,Inactive,5.0,4,1836.905
8073518,Premium,5.0,1,1448.27
9048817,Inactive,5.0,1,3944.12
9314637,Inactive,5.0,4,2487.22
9347990,Premium,5.0,4,730.895
10945990,New,5.0,4,1851.33
11082181,Premium,5.0,1,1303.23
11493300,Regular,5.0,1,4066.1
12769552,Regular,5.0,1,2169.15
13130974,Inactive,5.0,1,4179.5
14006996,Inactive,5.0,4,3119.155
14275043,New,5.0,1,4553.36
14693393,New,5.0,4,3602.66
15391556,Inactive,5.0,1,1199.03
15796277,New,5.0,1,1589.89
16230299,Regular,5.0,1,626.19
16359370,Premium,5.0,1,2333.7
16376189,Premium,5.0,1,1609.25
16400639,Premium,5.0,4,2981.485
17521263,Inactive,5.0,1,738.71
17675915,Inactive,5.0,1,913.2
19393135,Regular,5.0,1,938.37
20360447,New,5.0,1,4588.23
22613559,Premium,5.0,1,2843.52
23448955,Premium,5.0,1,1656.08
24896263,Regular,5.0,1,3112.29
25795941,Regular,5.0,1,1983.84
26432512,New,5.0,1,1825.16
27416314,Inactive,5.0,1,230.58
27955158,New,5.0,1,3434.25
28277304,Inactive,5.0,1,1350.28
28280172,Premium,5.0,1,2583.14
29941225,Premium,5.0,1,559.88
30367559,Regular,5.0,1,1456.96
30891209,New,5.0,1,2639.67
31384626,Regular,5.0,1,1001.25
31978160,New,5.0,1,1608.11
32564478,Premium,5.0,1,3025.16
34713143,Premium,5.0,1,2577.7
37054866,Regular,5.0,1,4269.53
37633848,Premium,5.0,1,3820.42
37926207,New,5.0,1,2762.95
38694209,Premium,5.0,1,3043.5
38780509,Regular,5.0,1,940.61
40256341,Regular,5.0,1,1477.71
40419593,Inactive,5.0,1,225.21
40692378,New,5.0,1,2330.28
40871915,Premium,5.0,4,1849.89
43980719,New,5.0,1,785.67
44174426,New,5.0,1,3064.36
46378942,Premium,5.0,1,3988.44
47387512,Regular,5.0,1,2943.17
49258916,Inactive,5.0,1,1706.73
49833888,Inactive,5.0,1,3541.32
50105174,Premium,5.0,4,2889.89
50518311,Regular,5.0,4,2541.43
51040116,Regular,5.0,1,4749.99
55007963,New,5.0,1,209.59
56250563,Premium,5.0,1,2440.73
57063557,Inactive,5.0,1,1686.55
57548210,Inactive,5.0,1,3915.04
57658033,New,5.0,4,1990.735
57662767,Premium,5.0,4,929.31
58085779,New,5.0,1,435.48
59619739,New,5.0,1,1657.57
59909004,New,5.0,1,1620.95
59930550,Inactive,5.0,1,645.44
61406908,Regular,5.0,1,4492.32
62419778,Premium,5.0,1,1777.65
62742797,Premium,5.0,1,3673.81
62971413,Inactive,5.0,4,1695.135
63184222,Inactive,5.0,1,2232.82
64106072,Inactive,5.0,1,281.73
64403005,New,5.0,1,3112.28
64722323,New,5.0,1,3606.37
64846124,Inactive,5.0,1,918.45
66252737,Premium,5.0,1,2382.03
66629497,Regular,5.0,1,1015.2
66886852,Inactive,5.0,4,1902.335
67302239,Regular,5.0,1,4912.61
69339331,Regular,5.0,1,4099.53
70965437,Inactive,5.0,1,5253.79
70966268,New,5.0,1,1854.55
71276926,Inactive,5.0,1,2163.69
71905368,Premium,5.0,4,1876.775
72132838,Premium,5.0,4,2965.75
72359843,Premium,5.0,1,367.08
72366758,Inactive,5.0,16,1137.7275
72797175,Regular,5.0,1,1073.16
72942753,Regular,5.0,1,3679.63
73891999,New,5.0,1,626.67
75028268,Inactive,5.0,1,340.36
78158536,Premium,5.0,1,3096.42
78732957,New,5.0,4,2528.205
79773912,Regular,5.0,4,1695.08
79789048,Regular,5.0,1,3759.65
80269328,Premium,5.0,1,1382.07
82770142,New,5.0,1,1195.03
83034412,New,5.0,1,48.55
83155219,Inactive,5.0,1,654.31
83404008,New,5.0,4,2761.98
84257716,New,5.0,1,758.75
87222820,Inactive,5.0,1,951.43
87444738,Inactive,5.0,1,1173.0
87943214,Inactive,5.0,1,3056.86
88532418,New,5.0,9,2279.28
88745052,Regular,5.0,1,1740.54
89142848,New,5.0,1,2075.02
89418072,Regular,5.0,1,968.65
89523804,Inactive,5.0,1,1731.34
89704218,Premium,5.0,4,2663.355
90144978,Regular,5.0,1,1927.44
91228580,Regular,5.0,1,3211.74
91853589,New,5.0,1,1848.84
92636025,Inactive,5.0,4,2577.735
93735495,Regular,5.0,1,3373.41
93826036,Premium,5.0,1,5271.36
94552818,Inactive,5.0,1,361.98
94713625,Premium,5.0,4,3617.215
95382317,New,5.0,1,2857.54
96149069,Regular,5.0,1,3628.23
97144544,Regular,5.0,1,2679.81
97286925,Inactive,5.0,4,2473.98
98144693,Premium,5.0,1,2657.2
29689766,New,4.75,16,1231.18
82594354,Regular,4.75,16,2825.4225
26040510,Premium,4.66666666666667,9,2225.72666666667
40192266,New,4.66666666666667,9,2192.35
40305293,Regular,4.66666666666667,9,1753.14333333333
44562310,Inactive,4.66666666666667,9,2487.25333333333
52770036,New,4.66666666666667,9,1098.55666666667
64795608,New,4.66666666666667,9,2875.41
66485571,Inactive,4.66666666666667,9,2542.32333333333
69908484,New,4.66666666666667,9,2265.73333333333
75913572,Inactive,4.66666666666667,9,1961.53666666667
89036169,Inactive,4.66666666666667,9,2082.38666666667
99231937,Regular,4.66666666666667,9,2043.01333333333
42723554,Regular,4.6,25,2374.612
1529180,Inactive,4.5,4,2287.655
1705969,Premium,4.5,4,2634.525
3282647,Premium,4.5,4,2335.725
5043760,Regular,4.5,4,1345.58
6668498,Inactive,4.5,4,2735.555
8881320,Regular,4.5,4,1503.18
10729474,New,4.5,4,2548.75
11928321,Inactive,4.5,4,1961.655
12088552,Premium,4.5,4,1024.91
12402437,New,4.5,4,3522.035
12500465,Premium,4.5,4,1963.165
13071673,Regular,4.5,4,2632.845
13189939,Inactive,4.5,16,2760.58
14839726,Regular,4.5,4,2474.635
16082651,Regular,4.5,4,1285.55
17341194,Premium,4.5,4,2778.65
23126657,Premium,4.5,4,3161.965
24323106,Inactive,4.5,4,2009.065
24621386,Premium,4.5,16,2258.585
27971619,New,4.5,4,3183.195
30042971,Regular,4.5,4,2310.565
32500305,New,4.5,4,1026.39
32585389,Premium,4.5,4,3424.04
36428139,Premium,4.5,4,1948.615
37362180,Regular,4.5,4,2492.505
39140039,New,4.5,4,2287.065
39717448,New,4.5,4,2001.06
39957741,Inactive,4.5,4,2462.635
40392019,Premium,4.5,16,2440.89
42589311,Regular,4.5,4,2940.015
44723662,Regular,4.5,4,2216.895
45700739,Inactive,4.5,4,3688.455
47043878,Premium,4.5,4,1376.7
47939657,Regular,4.5,4,2328.03
48150243,Regular,4.5,4,2326.135
48409448,New,4.5,4,3423.025
48511124,Inactive,4.5,4,3242.365
50953418,Regular,4.5,4,2356.16
52757321,New,4.5,16,2726.1375
55056284,Inactive,4.5,4,1518.11
57331847,Regular,4.5,4,2642.42
58214883,Regular,4.5,4,1115.655
59009727,New,4.5,4,2368.23
59677346,Inactive,4.5,4,2097.23
59815512,Regular,4.5,4,3088.645
61015113,Regular,4.5,4,1130.775
66427343,Premium,4.5,4,1500.98
66761643,Regular,4.5,4,2096.695
69415494,New,4.5,4,2153.69
69925688,Inactive,4.5,16,2220.5775
75632045,Regular,4.5,4,3500.365
75674671,New,4.5,4,3387.255
75892474,New,4.5,4,2187.89
76020843,Regular,4.5,4,3115.375
76218218,Inactive,4.5,4,3380.24
76327561,Inactive,4.5,16,1922.2125
77345018,Regular,4.5,4,1456.21
78748184,Regular,4.5,4,2415.315
78903046,Regular,4.5,4,3586.515
79298972,Regular,4.5,4,1358.585
80850753,Premium,4.5,4,2947.22
81382213,Inactive,4.5,4,2996.725
81940369,Premium,4.5,4,3635.745
82918668,Regular,4.5,4,1838.625
83039559,Premium,4.5,4,710.855
86479284,Premium,4.5,4,1329.3
87641623,Regular,4.5,4,1642.035
88312515,Inactive,4.5,4,3212.47
90586443,New,4.5,4,1599.64
91562028,Regular,4.5,16,1828.8825
91590001,Premium,4.5,4,1701.105
92245432,Premium,4.5,16,1809.985
93127511,Inactive,4.5,4,724.985
96373206,Regular,4.5,4,3472.84
98211325,Regular,4.5,4,2604.39
98218863,Regular,4.5,4,3635.5
98709982,Inactive,4.5,4,2710.35
99824171,Inactive,4.5,4,2257.84
5039883,Inactive,4.4,25,2297.694
65815155,New,4.4,25,2415.6
5238055,Regular,4.33333333333333,9,2800.65
12455156,Inactive,4.33333333333333,9,1052.48666666667
12967305,New,4.33333333333333,9,2776.6
13383642,Regular,4.33333333333333,9,1592.08666666667
13796199,Regular,4.33333333333333,9,3173.51
20834589,Inactive,4.33333333333333,9,3101.09666666667
21948041,New,4.33333333333333,9,4379.04333333333
22915611,Regular,4.33333333333333,9,1405.65
23126356,Inactive,4.33333333333333,9,2705.8
23676689,Premium,4.33333333333333,9,1753.73333333333
23794330,Regular,4.33333333333333,9,1810.32333333333
25587553,Regular,4.33333333333333,9,2291.52666666667
27336589,New,4.33333333333333,9,1697.38666666667
29415527,Regular,4.33333333333333,9,1646.64333333333
32019725,Premium,4.33333333333333,9,3482.74333333333
34853377,Premium,4.33333333333333,9,1340.34333333333
35459748,Inactive,4.33333333333333,9,2166.98
38902882,Inactive,4.33333333333333,9,4084.70666666667
43599910,Premium,4.33333333333333,9,1779.96666666667
52417972,New,4.33333333333333,9,1095.53333333333
53292177,Inactive,4.33333333333333,9,2618.21
55693909,Premium,4.33333333333333,9,1855.42
56195475,Regular,4.33333333333333,9,1638.98333333333
57102800,Inactive,4.33333333333333,9,1198.05
57892837,Premium,4.33333333333333,9,1766.33333333333
57967753,Premium,4.33333333333333,9,2679.68333333333
63339001,New,4.33333333333333,9,1518.39
68016312,Regular,4.33333333333333,9,1106.88333333333
70867736,Premium,4.33333333333333,9,1414.34333333333
73660582,Premium,4.33333333333333,9,2016.51333333333
74313592,Premium,4.33333333333333,9,3082.93333333333
76970363,Regular,4.33333333333333,9,1110.27333333333
77086539,New,4.33333333333333,9,2972.04333333333
79628054,Premium,4.33333333333333,9,1392.10333333333
82169898,Premium,4.33333333333333,9,2139.14
82425179,Regular,4.33333333333333,9,2924.88333333333
87266309,Regular,4.33333333333333,9,2956.20666666667
96109948,Inactive,4.33333333333333,9,2468.77666666667
99301505,Inactive,4.33333333333333,9,2171.00333333333
6398761,Inactive,4.25,16,1921.375
11616535,Premium,4.25,16,1468.195
44828791,New,4.25,16,1219.7025
45166203,Regular,4.25,16,2246.855
49806393,Regular,4.25,16,2349.2375
56441247,Premium,4.25,16,1832.535
57340963,Regular,4.25,16,1349.775
63802820,Regular,4.25,16,2468.8675
73363613,Premium,4.25,16,1108.5425
75510747,New,4.25,16,2056.4125
77614510,Inactive,4.25,16,1938.0575
80862136,Premium,4.25,16,1697.6975
84377964,Inactive,4.25,16,2080.45
87160527,New,4.25,16,2952.2275
93675757,Regular,4.25,16,2336.9425
96903782,Regular,4.25,16,2755.935
97678578,Regular,4.25,16,3417.04
10048910,New,4.2,25,2232.48
61982521,Inactive,4.2,25,2195.692
68941950,New,4.2,25,2382.622
88324928,Regular,4.2,25,2492.768
90649019,New,4.2,25,2419.548
95971469,New,4.2,25,2646.136
701493,Inactive,4.0,9,2727.55
820740,Premium,4.0,9,1804.88333333333
954629,New,4.0,1,44.35
1108176,Premium,4.0,4,1833.905
1152215,Inactive,4.0,1,1203.31
1497747,Inactive,4.0,1,1072.62
1588560,New,4.0,4,3605.465
1655637,Regular,4.0,1,3517.14
1683786,Regular,4.0,4,3566.635
2164524,Inactive,4.0,16,1169.41
2233446,New,4.0,4,2109.07
2391900,New,4.0,1,1381.22
2400009,Premium,4.0,9,1976.17666666667
3096845,New,4.0,4,2757.19
3399251,New,4.0,1,1348.39
3893903,New,4.0,1,923.84
4057678,Inactive,4.0,4,1148.215
4192351,Inactive,4.0,1,4555.81
4200802,Inactive,4.0,1,858.57
4356173,New,4.0,9,809.636666666667
4444673,New,4.0,1,491.39
4940671,Inactive,4.0,1,3471.7
5135207,Premium,4.0,1,4045.22
5140660,Inactive,4.0,1,2066.77
5540556,Regular,4.0,16,2187.4575
5607734,Premium,4.0,1,3767.45
6025470,Premium,4.0,1,4593.42
6081270,Inactive,4.0,1,836.16
6186471,New,4.0,1,4356.46
6319646,Regular,4.0,9,1492.49333333333
6617417,Inactive,4.0,1,1441.9
6812439,Premium,4.0,9,570.953333333333
6867315,Premium,4.0,4,3075.61
7687234,Inactive,4.0,1,4559.56
8138417,Premium,4.0,1,2209.24
8164639,Premium,4.0,4,2364.1
8351747,Regular,4.0,9,1838.88666666667
8361353,New,4.0,4,3188.52
8384106,Premium,4.0,1,796.88
8395610,Inactive,4.0,4,3221.815
8513589,New,4.0,4,3282.845
8628482,New,4.0,4,3250.225
8632679,Regular,4.0,1,1442.99
9246851,New,4.0,4,2549.22
9641623,Premium,4.0,1,835.53
9650263,New,4.0,4,2182.14
9738801,Inactive,4.0,16,2004.84
10019218,New,4.0,16,2353.7025
10088428,Premium,4.0,1,1253.07
10608845,Premium,4.0,1,2265.63
10683250,Regular,4.0,4,528.845
10694081,Regular,4.0,1,3821.8
10700664,Regular,4.0,9,992.963333333333
10745302,Premium,4.0,1,3759.4
10769994,Regular,4.0,4,552.845
10796846,Regular,4.0,1,3330.44
10830043,New,4.0,1,2244.39
11047835,Regular,4.0,16,2231.76
11143197,Regular,4.0,16,2237.27
11228463,Inactive,4.0,1,3598.91
11389698,Premium,4.0,9,2785.89333333333
11636968,Inactive,4.0,4,2238.06
11775073,Regular,4.0,1,2388.23
12415659,New,4.0,1,2431.37
12469338,Inactive,4.0,4,878.875
12778027,New,4.0,4,3250.975
13164195,Premium,4.0,16,3478.985
13284996,Regular,4.0,1,956.4
13424885,Premium,4.0,1,2294.95
13461704,Premium,4.0,1,2279.47
13462905,Premium,4.0,1,176.34
13651980,Inactive,4.0,4,2141.75
14272050,New,4.0,4,2836.175
14458150,Premium,4.0,4,3567.42
14944819,Premium,4.0,4,2213.905
15043066,Inactive,4.0,1,2129.39
15066187,Regular,4.0,9,3542.02
15144290,New,4.0,9,2319.64
15345667,Premium,4.0,1,3322.54
15417130,New,4.0,1,3391.72
15484407,Premium,4.0,9,1142.13
16410155,Premium,4.0,9,2471.53
16424635,Premium,4.0,9,2400.38666666667
16436359,New,4.0,4,3243.77
16617201,New,4.0,1,53.49
17106161,Inactive,4.0,1,2184.02
17201639,New,4.0,1,3012.27
17929886,New,4.0,4,1828.59
17939362,Inactive,4.0,1,1213.48
18140588,Regular,4.0,4,3568.365
18256339,New,4.0,9,2501.79333333333
18259715,Regular,4.0,16,653.8175
18326028,Inactive,4.0,1,833.93
18394558,Regular,4.0,4,2852.295
18642306,Inactive,4.0,9,2206.16333333333
19523014,New,4.0,9,3154.98666666667
19523856,Premium,4.0,1,2961.15
19682060,Inactive,4.0,9,2369.15
20314691,Inactive,4.0,1,3291.28
20343501,Inactive,4.0,1,3903.48
20625627,Premium,4.0,4,2050.94
20689141,Premium,4.0,4,2375.62
20835909,Premium,4.0,1,1063.55
21270783,New,4.0,1,3496.28
21409946,Inactive,4.0,9,2798.16333333333
21481338,New,4.0,4,2715.35
21701991,New,4.0,49,1664.08571428571
21866852,Premium,4.0,4,1728.88
22036818,New,4.0,4,1936.805
22133362,Inactive,4.0,4,3210.92
22321208,Regular,4.0,16,2645.31
22358567,Inactive,4.0,4,2749.955
22846435,Inactive,4.0,1,1543.13
23380116,New,4.0,9,1957.00666666667
23567263,New,4.0,1,2854.52
23976957,New,4.0,1,1252.01
23984022,Regular,4.0,4,2110.16
24000329,Premium,4.0,1,1864.68
24153726,Premium,4.0,9,3035.37333333333
24357425,Inactive,4.0,4,2412.57
24517523,Premium,4.0,1,4190.02
24633671,New,4.0,4,2559.48
24845814,Regular,4.0,4,2629.515
24988999,Regular,4.0,1,665.98
25287111,Inactive,4.0,1,2506.93
25294147,New,4.0,1,3427.02
25526479,Regular,4.0,1,3732.99
25770577,Regular,4.0,9,1338.09
25915909,New,4.0,1,1445.95
26245432,Inactive,4.0,4,2885.5
26364643,Inactive,4.0,1,5692.84
26592009,Premium,4.0,1,2475.69
26903313,Regular,4.0,4,2393.74
27304727,Regular,4.0,1,3090.23
27381533,Premium,4.0,1,4712.89
27604184,New,4.0,25,2211.968
27727819,Inactive,4.0,4,2148.11
28111842,Premium,4.0,4,3581.195
28205701,Inactive,4.0,4,1217.085
28499191,Premium,4.0,4,707.005
28876580,Inactive,4.0,1,2465.17
28995786,Inactive,4.0,9,1593.55
29265216,New,4.0,1,878.07
29562072,New,4.0,16,2249.455
29858395,Inactive,4.0,1,2455.82
30029998,New,4.0,1,3973.9
30265929,Premium,4.0,1,1887.26
30285217,Premium,4.0,9,1926.06333333333
30317733,Inactive,4.0,25,1787.18
30468930,Regular,4.0,1,3217.54
31000129,Premium,4.0,4,2212.425
31328762,Premium,4.0,4,4444.905
31389750,New,4.0,4,2886.06
31619915,New,4.0,1,1379.82
31776996,New,4.0,16,3502.1875
31831843,Inactive,4.0,4,689.54
31923338,New,4.0,4,1445.27
31981068,Regular,4.0,1,2405.76
32595806,Inactive,4.0,1,1628.06
32635818,Regular,4.0,4,2281.84
32809328,Premium,4.0,4,354.91
32868927,New,4.0,1,634.28
33472376,Premium,4.0,4,3914.44
33998721,New,4.0,1,3038.93
34095555,Premium,4.0,16,1715.8775
34381941,Inactive,4.0,1,2310.95
34425723,Regular,4.0,1,890.42
34580200,Premium,4.0,1,2174.92
34588087,New,4.0,4,3344.42
34755436,New,4.0,9,2582.24333333333
34761418,New,4.0,1,2457.2
34768050,Inactive,4.0,4,2506.34
35049420,Regular,4.0,1,3483.31
35133191,Regular,4.0,1,1725.22
35237846,Premium,4.0,1,2010.17
35302195,New,4.0,4,1195.97
35554129,Premium,4.0,4,3006.245
37245065,Inactive,4.0,4,1428.025
37904682,Premium,4.0,1,2010.82
37915052,Regular,4.0,1,3949.87
38244021,Inactive,4.0,1,1666.68
38327793,Inactive,4.0,4,3238.02
38613642,Regular,4.0,9,2590.54333333333
38615653,Regular,4.0,4,2013.6
38671747,New,4.0,4,2546.09
38728779,Regular,4.0,4,2081.97
39153585,Premium,4.0,9,1470.43333333333
39423691,New,4.0,1,3130.27
39999278,New,4.0,1,5770.21
40434527,Inactive,4.0,4,1996.355
40563029,Inactive,4.0,4,2769.865
41261495,Inactive,4.0,4,1134.365
41395224,Regular,4.0,1,2419.46
41494867,New,4.0,4,1562.355
41612464,Regular,4.0,1,1380.66
42012717,Regular,4.0,16,2734.0075
42102289,New,4.0,9,2128.59666666667
42615134,Inactive,4.0,1,3371.28
42989999,New,4.0,9,3096.71
43256928,Inactive,4.0,9,3325.63333333333
43377076,New,4.0,4,1279.44
43784632,Inactive,4.0,9,2962.44
43799224,Regular,4.0,4,382.635
43990799,Regular,4.0,9,2830.88
44050697,New,4.0,9,1759.15
44269569,New,4.0,9,1589.65666666667
44410149,New,4.0,36,2925.44833333333
44859592,New,4.0,1,755.91
44928499,New,4.0,4,1929.255
45052594,New,4.0,9,2978.88666666667
45314389,New,4.0,4,2599.52
45481936,Premium,4.0,4,1640.105
45546750,Premium,4.0,1,2229.88
45586151,Regular,4.0,9,2446.29666666667
46208150,New,4.0,16,1897.12
46623192,New,4.0,36,1851.51
46686696,Premium,4.0,9,1786.55
46828932,Premium,4.0,1,1517.0
46836361,Premium,4.0,4,2029.475
47215976,Premium,4.0,9,962.023333333333
47503133,Inactive,4.0,9,1838.7
47515046,New,4.0,4,759.485
48002829,Inactive,4.0,4,2734.94
48033969,Premium,4.0,4,1052.895
48158494,Inactive,4.0,4,3005.71
48167795,New,4.0,4,456.585
48284116,Inactive,4.0,4,1744.75
49117070,Inactive,4.0,1,2925.56
49241309,Inactive,4.0,4,1913.305
49260858,Regular,4.0,1,6161.48
49457685,Inactive,4.0,1,3773.85
49617531,Inactive,4.0,4,2810.535
49769532,Premium,4.0,1,3321.85
49970560,Regular,4.0,9,2254.18
50015282,Regular,4.0,4,2882.36
50045027,Regular,4.0,1,530.85
50229203,Regular,4.0,4,1380.66
50527764,Premium,4.0,1,1246.63
50650215,New,4.0,1,827.77
51119088,Regular,4.0,16,1833.06
51544662,New,4.0,4,811.49
51547198,Premium,4.0,1,4476.55
51812283,Regular,4.0,1,486.28
51833636,Regular,4.0,4,2157.73
52075070,Regular,4.0,4,1696.0
52337289,New,4.0,1,2368.0
52913011,Inactive,4.0,4,4280.62
53025962,Premium,4.0,4,1745.08
53100521,Inactive,4.0,1,1648.07
53332493,New,4.0,9,1619.66
53392567,Regular,4.0,4,2037.27
53538932,Premium,4.0,4,2829.77
53557741,Inactive,4.0,1,3092.96
53640286,Premium,4.0,4,1247.875
53782978,New,4.0,1,4111.84
54057428,New,4.0,1,2115.53
54216497,New,4.0,1,2373.52
54347213,Premium,4.0,4,1397.98
54619715,Inactive,4.0,4,574.79
54799731,Premium,4.0,1,5349.56
55094848,Premium,4.0,1,3867.53
55803572,Premium,4.0,1,2551.93
56457995,Inactive,4.0,4,2606.605
56480776,Regular,4.0,1,1614.08
56764791,Regular,4.0,1,2172.56
56780331,Premium,4.0,9,3325.54333333333
57207678,New,4.0,1,726.41
57537308,New,4.0,9,2579.26666666667
57642258,Premium,4.0,9,1061.84
57896058,Regular,4.0,1,1583.71
58152923,Premium,4.0,1,2125.71
58170168,Premium,4.0,9,1884.66666666667
58505903,New,4.0,4,1036.685
58631874,New,4.0,1,782.49
58873572,Premium,4.0,1,1076.03
58929595,Regular,4.0,4,1782.0
59207798,Premium,4.0,4,2520.42
59216664,Regular,4.0,4,2561.57
59222551,Inactive,4.0,1,3655.01
59323931,Inactive,4.0,1,698.04
59345983,Regular,4.0,1,674.39
59353207,Inactive,4.0,4,954.875
59517074,Premium,4.0,1,3075.26
59830126,New,4.0,1,2656.43
60049160,New,4.0,4,383.54
60210778,Regular,4.0,1,1439.58
60275891,Regular,4.0,1,3494.17
60371334,Inactive,4.0,4,2582.185
60379302,New,4.0,4,2746.46
60399360,Premium,4.0,4,1723.56
60565603,New,4.0,4,503.095
60698094,New,4.0,9,2604.81333333333
60834500,Inactive,4.0,4,2220.78
60974181,Premium,4.0,1,160.07
61002154,Regular,4.0,1,3081.38
62416456,Inactive,4.0,9,2344.60666666667
62541176,New,4.0,1,1343.84
62868582,New,4.0,1,2537.11
63060947,New,4.0,1,3069.98
63292875,Premium,4.0,1,1491.21
63360864,Inactive,4.0,25,2591.442
63451391,Premium,4.0,1,3934.29
63870636,Premium,4.0,1,3988.77
64489709,Premium,4.0,1,786.02
64562786,Inactive,4.0,16,3182.24
64823226,Premium,4.0,1,2704.64
64906311,Inactive,4.0,1,2890.11
64932019,Premium,4.0,4,2857.815
65121696,New,4.0,1,4549.72
65368179,Premium,4.0,1,976.55
65396354,Inactive,4.0,1,166.42
65570302,Inactive,4.0,9,1828.29333333333
65772743,Regular,4.0,1,3268.84
65782437,New,4.0,1,1042.86
65903057,Regular,4.0,9,2390.86333333333
65963876,New,4.0,4,3769.34
66140659,Premium,4.0,1,3268.53
66233704,Inactive,4.0,1,223.27
66269844,Premium,4.0,4,1128.485
66499992,Regular,4.0,4,1501.52
66866026,Regular,4.0,1,2189.02
67271824,Inactive,4.0,1,1619.89
67701771,Premium,4.0,1,1488.19
67829645,New,4.0,4,2261.64
67952740,Regular,4.0,16,1238.6275
68307253,Premium,4.0,1,763.12
69219122,Premium,4.0,4,2476.205
70221073,Premium,4.0,1,1358.19
70391758,Premium,4.0,1,1917.36
70615775,Inactive,4.0,4,1350.825
71189232,Inactive,4.0,4,2515.125
71643758,Inactive,4.0,4,4435.795
71902700,Regular,4.0,16,1277.54
72089140,Regular,4.0,9,2979.23333333333
72564495,New,4.0,1,1969.21
72702075,Regular,4.0,1,1388.01
73098723,New,4.0,1,90.56
73428596,Inactive,4.0,4,2990.55
73586244,New,4.0,1,1266.44
73735548,Premium,4.0,1,2117.45
73807097,Inactive,4.0,1,724.84
74195536,Premium,4.0,1,2120.77
74694186,Inactive,4.0,4,3015.795
74735607,Inactive,4.0,4,3297.68
74840437,Inactive,4.0,1,2939.42
75038062,New,4.0,4,2870.365
75081265,Premium,4.0,4,1995.17
75082508,Premium,4.0,9,2494.81333333333
75289676,Inactive,4.0,4,3405.565
75467328,Inactive,4.0,1,3963.84
75490147,Inactive,4.0,4,1230.445
76019750,New,4.0,1,4495.56
76377003,Inactive,4.0,1,227.22
76438648,New,4.0,1,2556.83
76441843,New,4.0,1,1813.08
76512976,New,4.0,4,1395.365
76604145,Regular,4.0,1,2541.96
76830090,New,4.0,1,242.57
76864442,Regular,4.0,1,2866.57
76987910,Inactive,4.0,4,3442.175
77035814,Inactive,4.0,16,2519.7875
77161976,Regular,4.0,1,3784.91
77217240,Premium,4.0,1,983.79
77306672,Regular,4.0,1,443.69
77618011,Inactive,4.0,1,2593.91
77625089,New,4.0,1,3442.8
77661491,New,4.0,1,483.05
77673290,Premium,4.0,4,2585.4
78267238,Inactive,4.0,4,2268.43
78394303,Inactive,4.0,9,2788.21333333333
78439088,Regular,4.0,1,1831.85
78847070,Inactive,4.0,1,3774.14
79076101,Premium,4.0,1,4331.6
79206969,Regular,4.0,25,2776.644
79257353,New,4.0,4,1691.07
79369660,Premium,4.0,4,2705.465
79478655,Regular,4.0,16,2241.24
79726146,New,4.0,1,3415.39
80476444,Premium,4.0,1,2634.39
81102955,Premium,4.0,1,374.68
81160474,Premium,4.0,1,839.84
81200164,Regular,4.0,4,2576.525
81229704,Premium,4.0,1,445.48
81373608,Inactive,4.0,1,3335.13
81462774,Regular,4.0,1,972.69
81500385,New,4.0,4,1591.075
81584486,Inactive,4.0,4,1928.805
81655250,Regular,4.0,1,2392.8
81932548,Premium,4.0,4,2749.65
81994445,Premium,4.0,4,1575.52
82032191,New,4.0,1,1865.04
82160592,New,4.0,1,940.44
82286725,Premium,4.0,16,2489.8875
82529927,Inactive,4.0,9,2269.25666666667
82700270,New,4.0,1,848.94
82854537,Inactive,4.0,9,2327.40333333333
83023956,Regular,4.0,4,2860.615
83262890,New,4.0,4,2063.51
83412446,Inactive,4.0,9,1937.09333333333
83610315,Inactive,4.0,1,2282.13
83964902,Regular,4.0,1,2010.29
84572019,Inactive,4.0,4,1452.33
85016568,Regular,4.0,1,2498.22
85020453,Premium,4.0,4,2015.4
85088479,Inactive,4.0,1,1819.74
85233498,New,4.0,1,3723.26
85354059,Premium,4.0,16,1649.7425
85435560,Inactive,4.0,1,5814.13
85490177,Regular,4.0,1,1549.44
85869195,Regular,4.0,4,3409.36
86167288,Inactive,4.0,1,1422.49
86294036,Inactive,4.0,1,1534.27
86483673,Regular,4.0,1,1659.75
86704661,Premium,4.0,4,2829.83
87059497,Regular,4.0,4,1992.895
87107263,Inactive,4.0,4,434.625
87450286,Premium,4.0,1,4969.83
87457446,Premium,4.0,1,2424.07
87691707,Inactive,4.0,1,2930.46
87823209,Inactive,4.0,4,3441.845
87984862,Premium,4.0,1,3214.61
88067569,Premium,4.0,9,2471.71
88111697,Regular,4.0,1,2646.85
88130777,New,4.0,1,909.62
88167544,New,4.0,1,831.1
88215615,New,4.0,1,163.03
88252625,New,4.0,4,2386.43
88553721,Regular,4.0,9,1797.48333333333
88779806,Regular,4.0,1,2239.85
88923048,Premium,4.0,9,1979.12
88965399,Regular,4.0,1,1756.7
89051578,Premium,4.0,1,475.04
89361574,Regular,4.0,4,2121.96
89472859,Inactive,4.0,1,2144.77
89784343,Premium,4.0,4,2428.76
89811984,Regular,4.0,1,263.7
89886179,Inactive,4.0,4,2329.025
89950235,Premium,4.0,1,1827.9
89998489,Premium,4.0,1,329.79
90184276,Inactive,4.0,9,2750.32333333333
90299101,Regular,4.0,1,2238.94
90586029,Regular,4.0,4,3299.33
90647204,New,4.0,1,589.61
90666073,Inactive,4.0,1,773.17
90696847,Regular,4.0,1,2841.51
90882023,Premium,4.0,1,517.77
91384030,Premium,4.0,1,2292.56
91973128,Premium,4.0,1,3536.94
92098757,New,4.0,1,4419.96
92123198,Regular,4.0,4,2945.195
92509376,Regular,4.0,9,1318.47666666667
93341057,Inactive,4.0,4,1957.105
93723634,Premium,4.0,9,2217.73
93937586,New,4.0,1,2790.84
93938425,Regular,4.0,16,2913.395
94137242,New,4.0,4,1928.36
94165062,Inactive,4.0,1,2931.44
94179692,New,4.0,1,2638.02
94404245,Inactive,4.0,1,1498.34
94453274,Regular,4.0,4,2025.91
94854830,Inactive,4.0,1,5351.42
95018817,Inactive,4.0,4,1783.99
95372766,Regular,4.0,9,2362.54333333333
95590889,Inactive,4.0,1,3658.91
96009692,Regular,4.0,4,3609.74
96042320,New,4.0,1,2846.85
96806748,New,4.0,4,2131.82
97033691,Premium,4.0,9,1965.44333333333
97111119,Regular,4.0,1,50.12
97185284,Regular,4.0,4,2336.25
97664747,Premium,4.0,9,3118.1
97739583,Inactive,4.0,1,340.66
98307019,New,4.0,9,3513.77666666667
98858383,Regular,4.0,9,2915.90666666667
98896871,Regular,4.0,4,1370.965
98930670,Regular,4.0,1,1214.68
99160348,Inactive,4.0,4,2502.18
99594960,Inactive,4.0,1,1763.79
99627097,New,4.0,4,928.345
99714944,New,4.0,9,1192.28666666667
99893898,New,4.0,16,2204.3825
30823988,Premium,3.83333333333333,36,1990.65333333333
31940833,New,3.83333333333333,36,2727.61
65514005,Regular,3.83333333333333,36,1956.04666666667
80517784,Regular,3.83333333333333,36,2525.54166666667
12272282,Regular,3.8,25,2322.258
28663279,Premium,3.8,25,2772.376
32293017,Inactive,3.8,25,1936.686
45477575,Inactive,3.8,25,2623.638
65488134,New,3.8,25,2803.934
86067293,Inactive,3.8,25,1124.896
2219590,Regular,3.75,16,2019.6125
6579892,Regular,3.75,16,3075.8725
18465047,New,3.75,16,3406.5975
21201299,New,3.75,16,2318.4475
21597477,Inactive,3.75,16,1835.36
25722990,Regular,3.75,16,2654.4875
33331259,Inactive,3.75,16,2404.015
34668988,Inactive,3.75,16,1678.8025
34787383,Premium,3.75,16,990.88
36833857,Premium,3.75,16,2532.955
37556526,Inactive,3.75,16,2209.04
38902193,New,3.75,16,2360.7875
41164215,Premium,3.75,16,2512.555
50899600,New,3.75,16,2211.7575
54730270,New,3.75,16,1771.335
57526322,Premium,3.75,16,2083.205
59252433,Regular,3.75,16,1962.2175
59329145,Regular,3.75,16,3556.275
63238941,Regular,3.75,16,2510.3325
63368244,New,3.75,16,3064.6
67918495,Inactive,3.75,16,1309.9475
75928073,Inactive,3.75,16,2507.74
85561151,Regular,3.75,16,1378.4225
88866835,Premium,3.75,16,2800.77
97111069,Inactive,3.75,16,1869.1925
75213636,Inactive,3.71428571428571,49,1434.01142857143
61020,New,3.66666666666667,9,2614.96666666667
211163,Regular,3.66666666666667,9,3994.78666666667
469006,Inactive,3.66666666666667,9,1977.39333333333
1603358,Inactive,3.66666666666667,9,2514.19333333333
3730316,Regular,3.66666666666667,9,1057.95
5228136,Premium,3.66666666666667,9,2120.04666666667
6724509,New,3.66666666666667,9,911.516666666667
6756256,Premium,3.66666666666667,9,2270.23666666667
6982488,New,3.66666666666667,9,1907.89333333333
8395343,New,3.66666666666667,9,2336.00666666667
9107360,Inactive,3.66666666666667,9,1736.91333333333
10524732,Regular,3.66666666666667,9,1164.03
13585482,Inactive,3.66666666666667,9,1632.74333333333
14428954,Premium,3.66666666666667,9,3296.75666666667
18082040,Regular,3.66666666666667,9,1835.61
20634789,New,3.66666666666667,9,1267.80333333333
21282544,Regular,3.66666666666667,9,2463.47333333333
22483684,Regular,3.66666666666667,9,1437.98666666667
22738465,Inactive,3.66666666666667,9,1349.95
28286754,Regular,3.66666666666667,9,1823.4
29653387,New,3.66666666666667,9,2844.64666666667
30373140,Regular,3.66666666666667,9,2296.45
30455484,New,3.66666666666667,9,2244.92666666667
30643619,Inactive,3.66666666666667,9,1699.57333333333
31576845,New,3.66666666666667,9,2248.44666666667
33871107,Inactive,3.66666666666667,9,3484.66333333333
34835738,Premium,3.66666666666667,9,3133.31666666667
35156679,Premium,3.66666666666667,9,2222.08666666667
35705377,Regular,3.66666666666667,9,1984.02333333333
36142455,Premium,3.66666666666667,9,2378.79666666667
37309023,Premium,3.66666666666667,9,695.553333333333
39093069,Regular,3.66666666666667,9,2472.78333333333
40275138,Inactive,3.66666666666667,9,716.1
40587811,Inactive,3.66666666666667,9,2947.48
41874489,Regular,3.66666666666667,9,3272.70666666667
42514124,Inactive,3.66666666666667,9,876.67
44030130,Regular,3.66666666666667,9,1807.84666666667
45066676,Premium,3.66666666666667,9,2386.16666666667
45708879,Regular,3.66666666666667,9,1952.45333333333
46313756,Premium,3.66666666666667,9,984.28
46629917,Premium,3.66666666666667,9,2685.62666666667
47206881,Premium,3.66666666666667,9,2077.35
50632192,Premium,3.66666666666667,9,813.36
50968312,Inactive,3.66666666666667,9,2354.94
51341672,Regular,3.66666666666667,9,3660.49
52428250,New,3.66666666666667,9,2741.09
53624677,New,3.66666666666667,9,1395.72
54580166,Regular,3.66666666666667,9,1916.35
55042740,Regular,3.66666666666667,9,2350.35666666667
55060796,New,3.66666666666667,9,2550.73666666667
57360162,Regular,3.66666666666667,9,1121.56333333333
57505804,New,3.66666666666667,9,2114.15333333333
57523973,New,3.66666666666667,9,1418.71
57566548,Regular,3.66666666666667,9,939.953333333333
59141605,New,3.66666666666667,9,316.223333333333
59518795,New,3.66666666666667,9,1559.45333333333
60495351,New,3.66666666666667,9,1595.27
60656482,Inactive,3.66666666666667,9,1365.25333333333
61516967,Regular,3.66666666666667,9,2807.98666666667
62526567,Premium,3.66666666666667,9,2010.82333333333
62629494,Premium,3.66666666666667,9,1592.28
63571453,Premium,3.66666666666667,9,1508.38666666667
64162093,Premium,3.66666666666667,9,2097.48
64197854,Regular,3.66666666666667,9,2956.91
64535602,Inactive,3.66666666666667,9,2303.11333333333
65895091,Inactive,3.66666666666667,9,2278.24
67310893,New,3.66666666666667,9,2043.95
67708491,Inactive,3.66666666666667,36,1754.075
68341636,Premium,3.66666666666667,9,3276.81333333333
70976153,New,3.66666666666667,9,2068.21666666667
74172010,Inactive,3.66666666666667,9,2929.22333333333
74212242,Premium,3.66666666666667,9,1402.51
77214094,New,3.66666666666667,9,2848.10333333333
77397957,New,3.66666666666667,9,2830.05666666667
79135318,Inactive,3.66666666666667,9,2963.51666666667
80761521,Inactive,3.66666666666667,9,1724.06666666667
82179338,New,3.66666666666667,9,2768.79333333333
83298567,Premium,3.66666666666667,9,1422.04333333333
84275450,Premium,3.66666666666667,9,2682.44
88203688,New,3.66666666666667,9,2043.61
89619421,Premium,3.66666666666667,9,2005.33666666667
89699655,Inactive,3.66666666666667,9,2726.14
90621147,Premium,3.66666666666667,9,1127.78666666667
90919603,Regular,3.66666666666667,9,3639.42
91566278,Premium,3.66666666666667,9,1953.70333333333
92409489,Regular,3.66666666666667,9,574.04
93321933,Inactive,3.66666666666667,9,3681.73333333333
93370787,New,3.66666666666667,9,1371.9
96511007,New,3.66666666666667,9,2385.78666666667
96795047,New,3.66666666666667,9,3144.08
96853930,Premium,3.66666666666667,9,2737.13333333333
97411107,New,3.66666666666667,9,1843.35
97770901,Inactive,3.66666666666667,9,1979.27
98444183,Regular,3.66666666666667,36,2186.82
99729547,New,3.66666666666667,9,2135.42
99772709,Regular,3.66666666666667,9,1736.15
8791577,Regular,3.625,64,2378.545
2684440,Premium,3.6,25,2003.864
3897936,Premium,3.6,25,1817.888
13251137,Premium,3.6,25,2268.758
22694456,New,3.6,25,2537.136
24144240,Regular,3.6,25,2134.734
57833505,New,3.6,25,1848.212
66655397,New,3.6,25,2003.53
67092149,Premium,3.6,25,3514.486
119099,Inactive,3.5,16,3692.1925
191616,Regular,3.5,4,2044.98
1816969,Premium,3.5,4,3875.28
1989720,Inactive,3.5,4,1844.46
2361575,New,3.5,4,2799.115
2903620,New,3.5,4,1938.31
3421258,Premium,3.5,4,703.56
3638834,Premium,3.5,4,1103.98
3844290,Inactive,3.5,4,2277.665
4394659,New,3.5,4,2962.035
5001749,Inactive,3.5,4,1302.225
5751638,New,3.5,4,1881.95
6856445,New,3.5,4,2999.135
8536503,Regular,3.5,4,855.595
9105829,Regular,3.5,4,2742.845
9987182,Regular,3.5,16,2962.6025
10240052,Regular,3.5,4,1377.695
10857389,Inactive,3.5,16,1272.9675
11063505,New,3.5,4,2109.35
11071601,Inactive,3.5,4,2160.34
11562458,Regular,3.5,4,3979.805
12277039,Regular,3.5,16,3215.1475
12622901,Inactive,3.5,4,3959.485
12814732,Regular,3.5,4,2592.985
12867472,Premium,3.5,4,2125.3
13492411,Regular,3.5,4,1482.295
14207332,Regular,3.5,4,3244.65
14255231,Inactive,3.5,4,4348.835
14479168,New,3.5,4,1697.76
14705462,Premium,3.5,4,3754.62
15568831,Premium,3.5,4,2085.18
15808945,New,3.5,16,1714.5875
15931134,Inactive,3.5,4,1657.55
16256136,Regular,3.5,4,575.635
16379942,Inactive,3.5,16,1431.925
18791381,Premium,3.5,16,2760.24
18889370,Regular,3.5,4,3235.14
19080489,Regular,3.5,4,3393.735
19216141,Premium,3.5,16,1253.2125
19425804,Inactive,3.5,4,865.395
20209237,Regular,3.5,4,1073.72
20310720,Regular,3.5,4,2132.395
22077605,Inactive,3.5,4,1324.275
22227829,New,3.5,4,2402.36
22851478,Regular,3.5,4,2055.82
23286884,Premium,3.5,4,3572.55
24496983,Regular,3.5,4,1408.355
25595836,New,3.5,4,3049.9
25706121,Premium,3.5,4,3326.195
25829710,New,3.5,16,1806.4825
26716400,Premium,3.5,4,1699.53
26912171,New,3.5,4,1834.435
26935187,Premium,3.5,4,3981.205
27049432,Premium,3.5,4,2279.025
27692428,Regular,3.5,4,1010.9
29562254,Inactive,3.5,16,1641.1525
30188374,New,3.5,16,1558.345
31156674,Inactive,3.5,16,2153.7975
31324823,New,3.5,4,1975.93
32203588,Premium,3.5,4,464.69
32987624,Premium,3.5,16,2084.97
33658749,Inactive,3.5,4,528.49
33675108,Inactive,3.5,16,1429.945
33706378,New,3.5,4,3448.34
34156884,Regular,3.5,4,897.175
35349582,Premium,3.5,4,1786.415
35885052,Inactive,3.5,4,1089.885
35912599,Regular,3.5,16,1785.5225
35988028,Premium,3.5,16,2112.985
36517334,Premium,3.5,4,679.605
36774480,Regular,3.5,4,1590.13
37551429,Regular,3.5,4,1437.13
38420886,New,3.5,36,1918.65333333333
38969732,New,3.5,16,3001.6525
40703374,Regular,3.5,16,1637.3625
40858753,Regular,3.5,4,1509.22
41073776,Premium,3.5,4,3027.34
41146001,Regular,3.5,4,964.025
41168392,Premium,3.5,4,1405.47
41494517,Inactive,3.5,4,422.51
42465414,Regular,3.5,4,1303.14
43431724,New,3.5,4,2304.015
43518622,Regular,3.5,4,2336.35
43860025,Regular,3.5,4,3430.565
44139071,Regular,3.5,4,1343.835
44557943,Inactive,3.5,4,3337.355
45071436,Inactive,3.5,4,1485.74
46563355,Premium,3.5,4,2650.21
46699982,Inactive,3.5,16,2585.24
46802633,Premium,3.5,4,1638.605
46885873,Premium,3.5,4,2712.05
47125914,Premium,3.5,4,2051.895
48268435,Inactive,3.5,4,999.125
48716374,Premium,3.5,4,2148.435
48943848,Premium,3.5,4,3277.225
49136375,Inactive,3.5,16,1756.0175
50630016,Inactive,3.5,4,1045.435
51048402,Premium,3.5,4,2502.42
51872499,Premium,3.5,4,2189.645
52001314,Premium,3.5,4,2928.945
53076417,Inactive,3.5,4,1738.72
53636086,Premium,3.5,16,1797.5775
54877984,Inactive,3.5,4,2584.25
55971849,Regular,3.5,4,2413.05
58942207,Regular,3.5,4,2625.68
59620534,Premium,3.5,16,2480.7525
59769142,New,3.5,4,1681.19
60062501,New,3.5,4,3768.52
60561655,Regular,3.5,4,3152.055
61618079,Inactive,3.5,36,1529.74166666667
61763552,Inactive,3.5,16,2737.3525
62323608,New,3.5,16,1821.7475
63083547,Regular,3.5,4,812.3
64151769,New,3.5,4,2220.2
65559853,Regular,3.5,4,3784.96
66742602,New,3.5,16,2579.465
67383024,Premium,3.5,4,2692.745
68419593,Inactive,3.5,4,2340.03
68661619,Inactive,3.5,4,3129.65
68985290,Premium,3.5,4,1826.04
70230254,New,3.5,4,2241.48
70363568,New,3.5,16,1645.655
73377004,Regular,3.5,16,2011.6175
73393269,Regular,3.5,16,1645.7525
75566105,Regular,3.5,4,1362.645
75640174,Premium,3.5,4,2595.845
76857266,Premium,3.5,4,3884.465
77007315,Premium,3.5,16,1672.3725
77128325,Regular,3.5,4,3802.415
77559557,New,3.5,4,2700.24
78254569,Regular,3.5,4,2282.835
79592021,Regular,3.5,16,2179.8575
79742293,Regular,3.5,4,1505.975
80286283,Regular,3.5,4,2257.045
80796977,Premium,3.5,4,3629.575
80800079,Inactive,3.5,4,1195.025
81091233,Regular,3.5,4,1677.47
81346291,Premium,3.5,4,889.885
81541985,Regular,3.5,16,2580.925
82374625,New,3.5,4,955.615
83304462,Premium,3.5,4,1262.85
84361534,Regular,3.5,4,2500.405
84448310,Regular,3.5,4,2790.46
84862161,New,3.5,4,1122.21
84937877,Premium,3.5,4,2078.55
84993732,Regular,3.5,4,937.33
85340038,Premium,3.5,4,3487.57
85519349,New,3.5,16,3375.295
85626346,Regular,3.5,16,3144.68
85658166,New,3.5,4,2380.04
85854265,Premium,3.5,4,1377.13
86636273,Inactive,3.5,4,2679.315
87335844,Premium,3.5,4,891.96
87463923,Inactive,3.5,16,1570.4825
87889031,Regular,3.5,4,1496.43
88202341,Inactive,3.5,4,2483.145
88223261,Regular,3.5,4,3108.345
89995124,Premium,3.5,4,1972.175
90346920,New,3.5,16,3349.0975
91868185,New,3.5,4,1168.99
92038780,Premium,3.5,4,1318.63
92455970,Inactive,3.5,4,3545.14
93730857,Premium,3.5,4,1828.86
94486311,New,3.5,4,2365.21
95334407,Inactive,3.5,4,2445.695
95428692,New,3.5,4,1697.645
96629034,Premium,3.5,4,2254.13
96640716,New,3.5,4,1243.365
97507853,Regular,3.5,4,1936.41
98625898,Premium,3.5,4,1603.985
2566268,Premium,3.4,25,2683.464
6150721,New,3.4,25,1662.654
20298398,New,3.4,25,2517.41
26844216,Premium,3.4,25,1969.67
49433260,Premium,3.4,25,2248.646
57081917,Inactive,3.4,25,2458.794
63310076,Regular,3.4,25,3202.876
66310963,Inactive,3.4,25,2647.438
69863493,Regular,3.4,25,3098.43
71252391,New,3.4,25,2145.028
75244116,Inactive,3.4,25,3236.418
75739462,Premium,3.4,25,1652.42
79764458,New,3.4,25,2292.35
82359623,Premium,3.4,25,2407.714
84066402,Regular,3.4,25,2217.63
84953008,Inactive,3.4,25,2203.502
90665975,Inactive,3.4,25,2808.872
98225598,Premium,3.4,25,2336.708
17805991,New,3.375,64,2301.2375
1507408,Inactive,3.33333333333333,9,1300.65333333333
2558646,Premium,3.33333333333333,9,1344.97666666667
2584499,Regular,3.33333333333333,9,1293.00333333333
3292927,New,3.33333333333333,9,1999.75333333333
4386273,Inactive,3.33333333333333,9,1451.62666666667
4597433,Inactive,3.33333333333333,36,2582.94666666667
6247821,Regular,3.33333333333333,9,2068.92666666667
6344345,Premium,3.33333333333333,9,2102.12666666667
8025622,Regular,3.33333333333333,9,2097.57
9401406,Regular,3.33333333333333,9,2679.55666666667
12338529,New,3.33333333333333,9,1264.89666666667
12799092,Inactive,3.33333333333333,9,1549.62666666667
14940427,Premium,3.33333333333333,9,2398.22333333333
15631726,Inactive,3.33333333333333,9,2239.47666666667
16785724,Regular,3.33333333333333,9,2494.61333333333
19091057,Regular,3.33333333333333,9,1750.66
20940403,Premium,3.33333333333333,9,1445.48
21425168,New,3.33333333333333,9,2290.18666666667
22054087,Inactive,3.33333333333333,9,1898.42333333333
22081691,New,3.33333333333333,9,2709.94333333333
24337950,Inactive,3.33333333333333,9,1794.18666666667
25585013,Inactive,3.33333333333333,9,2359.62666666667
27504517,New,3.33333333333333,9,956.443333333333
28428852,Inactive,3.33333333333333,9,2065.27333333333
31076002,New,3.33333333333333,9,2550.0
31718565,Regular,3.33333333333333,9,1581.63333333333
34237583,New,3.33333333333333,9,2454.33333333333
34839913,Regular,3.33333333333333,9,2662.14333333333
36146306,Regular,3.33333333333333,9,1528.20666666667
37095171,Inactive,3.33333333333333,9,1606.75
41008070,New,3.33333333333333,9,2129.21333333333
41647393,Inactive,3.33333333333333,9,1245.02
42262168,Regular,3.33333333333333,9,1444.08
43367112,New,3.33333333333333,9,1757.93333333333
45659330,New,3.33333333333333,9,1987.06333333333
45868300,Premium,3.33333333333333,9,2600.29666666667
46615831,Inactive,3.33333333333333,9,3312.82666666667
47625855,New,3.33333333333333,36,2176.11333333333
47955004,Inactive,3.33333333333333,9,2181.79666666667
48778633,New,3.33333333333333,9,2692.06666666667
49147776,Inactive,3.33333333333333,9,1239.68666666667
49756591,Inactive,3.33333333333333,9,1203.42666666667
51503088,New,3.33333333333333,9,2026.06
51669263,Inactive,3.33333333333333,9,2870.83666666667
54139038,Inactive,3.33333333333333,9,2456.27333333333
54145987,Premium,3.33333333333333,9,1103.56333333333
59545278,New,3.33333333333333,9,1130.87666666667
61121421,New,3.33333333333333,9,1933.78666666667
61753272,New,3.33333333333333,36,2423.11166666667
62068277,Regular,3.33333333333333,9,2482.75
63948546,Regular,3.33333333333333,9,2282.6
64316806,Regular,3.33333333333333,9,739.3
66023110,New,3.33333333333333,9,3007.74
66766629,New,3.33333333333333,9,2484.29666666667
69240186,Regular,3.33333333333333,9,1707.48666666667
69516494,Regular,3.33333333333333,9,2366.61333333333
69761993,New,3.33333333333333,9,2673.99666666667
70372270,New,3.33333333333333,9,2214.2
72489544,Inactive,3.33333333333333,9,2420.38333333333
73869823,Regular,3.33333333333333,9,2114.77333333333
74230420,Regular,3.33333333333333,9,2338.49333333333
75836905,Inactive,3.33333333333333,9,1356.95666666667
79991320,New,3.33333333333333,9,2179.56333333333
80696046,Inactive,3.33333333333333,9,2205.15333333333
80935110,Regular,3.33333333333333,9,1788.33666666667
81533356,Premium,3.33333333333333,9,2536.07666666667
81822494,New,3.33333333333333,9,2863.00333333333
82585664,Regular,3.33333333333333,9,2677.95333333333
84824280,Inactive,3.33333333333333,36,2046.48666666667
84848018,Regular,3.33333333333333,9,1798.78666666667
91500615,Premium,3.33333333333333,9,3488.61666666667
92404798,New,3.33333333333333,36,2439.41333333333
93563435,New,3.33333333333333,36,2728.15666666667
93617659,Regular,3.33333333333333,9,2840.11333333333
93699264,Inactive,3.33333333333333,9,2211.06333333333
93924203,Premium,3.33333333333333,36,2622.88166666667
94529626,New,3.33333333333333,9,3913.42333333333
94730288,Regular,3.33333333333333,9,1493.77333333333
95912198,Inactive,3.33333333333333,9,2179.24
97466783,Premium,3.33333333333333,9,2702.49666666667
97557157,Regular,3.33333333333333,9,1657.64333333333
99695529,New,3.33333333333333,9,4254.91
13604883,Premium,3.28571428571429,49,2000.37
26285589,New,3.28571428571429,49,2701.85285714286
625395,Premium,3.25,16,1796.39
2058037,Inactive,3.25,16,2744.48
3408982,Premium,3.25,16,2327.555
8241122,Inactive,3.25,16,1667.455
11493380,Regular,3.25,16,3173.3475
12059049,Regular,3.25,16,2761.4175
14472401,Regular,3.25,16,1424.22
16561710,New,3.25,16,2493.8175
21461764,Premium,3.25,16,3864.76
27709218,Regular,3.25,16,1591.0175
29095552,Inactive,3.25,16,2004.0325
30447453,Premium,3.25,16,1779.135
31681710,Regular,3.25,16,2124.815
32527479,Regular,3.25,16,2508.1125
32797235,Regular,3.25,16,2034.9425
41155125,Inactive,3.25,16,2451.715
41878908,Premium,3.25,16,2179.72
42366724,Inactive,3.25,16,1868.9025
43295656,Regular,3.25,16,2228.605
44223796,Regular,3.25,16,2992.865
44589829,Regular,3.25,16,2216.4625
49529811,Regular,3.25,16,2121.5925
51476157,Inactive,3.25,16,2562.8075
52409516,Inactive,3.25,16,1734.21
59110513,Inactive,3.25,16,2671.3925
59398136,Regular,3.25,16,2636.805
61320989,Regular,3.25,16,2615.4925
62243869,Premium,3.25,16,1789.8875
62600289,Inactive,3.25,16,2513.6775
73799927,New,3.25,16,2475.37
76971644,Inactive,3.25,16,2382.1575
77811864,Premium,3.25,16,1760.6225
79916464,New,3.25,16,2083.205
83660688,Premium,3.25,16,2952.6275
90021871,Regular,3.25,16,1727.535
90745023,Inactive,3.25,16,1308.8625
91550885,New,3.25,16,2142.8975
92306841,New,3.25,16,1573.9
96989204,Regular,3.25,16,2291.925
1601161,Inactive,3.2,25,1743.662
12851610,Inactive,3.2,25,2372.428
13760839,Premium,3.2,25,2076.85
17597449,Inactive,3.2,25,3571.468
19180962,Inactive,3.2,25,2426.018
21573815,Premium,3.2,25,2749.812
37947202,Regular,3.2,25,2178.172
61226563,Regular,3.2,25,3251.284
67538982,Premium,3.2,25,2005.28
67729191,New,3.2,25,1778.086
68965787,Premium,3.2,25,2285.128
81822935,Regular,3.2,25,2589.534
11478478,Inactive,3.16666666666667,36,2953.215
20163931,Regular,3.16666666666667,36,1412.60166666667
80571942,Regular,3.16666666666667,36,2188.055
188838,Inactive,3.0,4,2591.02
243838,New,3.0,9,2020.35333333333
376144,Regular,3.0,25,1871.87
644189,Premium,3.0,1,3376.0
767523,Inactive,3.0,1,2358.76
773410,New,3.0,1,1838.15
899941,Premium,3.0,4,3560.96
1174162,Premium,3.0,9,1202.26
1200365,Regular,3.0,4,771.885
1342184,Inactive,3.0,4,2949.935
1449273,New,3.0,4,2491.625
1562083,Premium,3.0,4,2147.165
1719710,New,3.0,4,1998.405
1855421,Inactive,3.0,4,1856.215
2667357,Premium,3.0,1,1666.89
2875442,Premium,3.0,1,310.87
2928026,New,3.0,1,972.69
3002538,Inactive,3.0,4,1565.37
3100301,New,3.0,1,2618.61
3410758,Regular,3.0,1,898.05
3483295,Inactive,3.0,1,1596.72
3588443,Premium,3.0,4,1862.06
3875480,Inactive,3.0,1,3071.72
4055790,Regular,3.0,4,2054.945
4378755,Premium,3.0,9,1889.25333333333
4458329,Inactive,3.0,1,127.16
4543215,Premium,3.0,1,2653.37
4594944,Inactive,3.0,1,4205.78
4606533,Premium,3.0,1,938.72
4758426,New,3.0,4,3231.065
4789829,Regular,3.0,4,3442.625
4988545,Regular,3.0,4,2731.745
5226128,New,3.0,4,1847.395
5763963,Regular,3.0,25,1328.262
5901440,Premium,3.0,1,39.65
6184558,Regular,3.0,1,3676.83
6245778,Premium,3.0,9,912.256666666667
6335221,Premium,3.0,4,4081.045
6390687,Regular,3.0,4,1822.395
6853981,Inactive,3.0,1,141.28
6959437,Premium,3.0,9,1037.35666666667
6992801,Premium,3.0,1,942.37
7228206,New,3.0,16,2926.1075
7522036,Premium,3.0,1,845.0
8228843,Inactive,3.0,9,2090.43
8375298,Premium,3.0,4,556.22
8651281,Premium,3.0,16,1083.9125
8817168,Inactive,3.0,1,196.64
8955057,Regular,3.0,9,1866.06333333333
9195970,New,3.0,1,1809.72
9423628,Inactive,3.0,1,3342.15
9551011,Inactive,3.0,1,307.23
9981089,Premium,3.0,4,1517.925
10225164,Inactive,3.0,4,2114.355
10541231,Premium,3.0,4,1007.71
10789681,Regular,3.0,1,825.46
10797688,New,3.0,1,2232.88
11470681,New,3.0,1,3007.93
11540364,New,3.0,1,3402.86
12141418,Inactive,3.0,1,1421.52
12655794,Regular,3.0,1,217.5
12695670,Premium,3.0,4,809.98
12832151,Inactive,3.0,49,2454.09285714286
13265605,Premium,3.0,1,3337.4
13455530,Inactive,3.0,9,3014.94
13465850,Premium,3.0,9,2271.56
13494314,Premium,3.0,4,2536.745
13567338,Premium,3.0,1,916.92
13963450,New,3.0,1,2630.12
14294171,Regular,3.0,1,995.56
14330483,Premium,3.0,4,1643.315
14367270,Inactive,3.0,4,1234.19
14632090,Regular,3.0,9,3572.49333333333
15529446,Premium,3.0,4,179.035
15534747,Inactive,3.0,4,759.87
15599514,Regular,3.0,1,2831.58
15733078,Regular,3.0,1,2406.32
15830066,New,3.0,16,1258.4725
15897933,Regular,3.0,1,154.5
16341776,New,3.0,1,1036.38
16484167,New,3.0,1,3927.09
16485871,Premium,3.0,1,1135.56
16543242,Premium,3.0,25,1569.908
16640907,Regular,3.0,1,1078.17
16780752,Premium,3.0,1,2814.99
17132416,Regular,3.0,4,3424.57
17159117,Premium,3.0,4,2326.9
17681645,Premium,3.0,1,136.6
17696094,New,3.0,1,994.56
18035010,Premium,3.0,4,2101.11
18170800,Regular,3.0,1,2282.55
18229949,Inactive,3.0,1,102.44
18567760,Regular,3.0,9,1935.16
18935489,New,3.0,9,1902.42666666667
18940384,New,3.0,1,2549.18
18986315,Premium,3.0,1,1996.55
19145354,Inactive,3.0,1,1525.58
19179897,Premium,3.0,1,1721.08
19259955,Inactive,3.0,16,2077.8675
19275474,New,3.0,4,1857.31
19400174,New,3.0,1,3804.03
19482392,Regular,3.0,16,1548.4825
19556566,Premium,3.0,4,4039.975
19581959,Premium,3.0,4,2209.45
19705695,Premium,3.0,1,556.76
19771128,Regular,3.0,1,3041.96
20122449,New,3.0,1,1435.13
20469626,Regular,3.0,1,2161.37
20496835,New,3.0,4,2064.345
20517871,Premium,3.0,1,4361.99
20951294,Premium,3.0,1,989.88
21432404,Inactive,3.0,1,424.61
21456226,New,3.0,1,1966.28
21577948,New,3.0,9,3738.01666666667
21779155,New,3.0,1,2455.38
21784094,Regular,3.0,1,1479.69
21786873,Regular,3.0,4,2046.84
21809858,Inactive,3.0,4,641.075
22210238,New,3.0,36,3614.46666666667
22822088,New,3.0,1,2962.71
22974816,Premium,3.0,1,3194.98
23348269,Inactive,3.0,25,2438.542
23982977,New,3.0,4,1240.805
24104630,Premium,3.0,4,1728.555
24308515,Regular,3.0,9,1800.95666666667
24644542,New,3.0,9,1116.65333333333
25447967,Regular,3.0,1,1772.45
25850478,Inactive,3.0,1,874.78
25977417,Inactive,3.0,4,3634.07
26199489,Inactive,3.0,4,861.8
26227445,Regular,3.0,1,2108.47
26303194,Premium,3.0,16,1512.575
26412689,Regular,3.0,1,2147.13
26936578,Regular,3.0,1,1204.48
27304827,Premium,3.0,9,2190.23666666667
27620326,Regular,3.0,4,2183.39
27694927,Premium,3.0,1,1751.84
27746432,Inactive,3.0,1,3642.25
27824078,Inactive,3.0,1,1305.23
28173165,Inactive,3.0,1,2037.05
28221067,Regular,3.0,1,338.14
28350645,Inactive,3.0,4,412.495
28413467,New,3.0,1,4414.19
29324437,Premium,3.0,16,3264.6025
29361038,New,3.0,1,3876.32
29431960,Premium,3.0,1,169.88
29451600,New,3.0,16,2655.19
29525287,Premium,3.0,9,1777.18333333333
29600229,Inactive,3.0,1,3493.45
29664214,Regular,3.0,1,764.69
29902416,Inactive,3.0,9,1417.12
30755306,Inactive,3.0,1,2256.38
31233120,Regular,3.0,4,1671.545
31371112,Regular,3.0,4,2972.35
31456752,Premium,3.0,25,2645.994
31582950,New,3.0,9,2826.59
32540616,New,3.0,1,4248.74
32656885,New,3.0,1,1540.06
33370343,Premium,3.0,1,3570.08
33608451,Inactive,3.0,1,3352.28
33617546,New,3.0,1,4428.29
33651554,New,3.0,4,4698.95
33685414,Regular,3.0,4,1069.31
34074184,New,3.0,1,1492.14
34281470,Premium,3.0,9,2626.39666666667
34526442,Regular,3.0,1,4073.52
34567918,Inactive,3.0,9,2185.22
34655710,Inactive,3.0,9,1086.32666666667
34697768,Regular,3.0,1,3293.03
35144658,Premium,3.0,1,3834.36
35278126,Premium,3.0,4,2934.35
35434373,Premium,3.0,9,1806.02333333333
35455991,New,3.0,4,2433.98
35826539,New,3.0,9,3823.70333333333
36400756,Inactive,3.0,9,3016.77
36587003,New,3.0,1,1765.22
36737539,Inactive,3.0,16,2894.745
37288781,New,3.0,1,2685.25
38478423,Premium,3.0,4,1249.995
38568692,New,3.0,1,1723.54
38613295,New,3.0,1,580.18
38709137,Inactive,3.0,1,2128.54
38875754,Premium,3.0,16,1548.015
39674723,New,3.0,9,1490.03666666667
40055711,Inactive,3.0,9,2884.78666666667
40085705,New,3.0,4,2456.545
40593638,Premium,3.0,4,2267.12
40626729,Regular,3.0,1,1613.11
40667183,New,3.0,1,3587.82
40727086,New,3.0,16,2724.1125
40986000,Premium,3.0,1,4191.3
41194825,Regular,3.0,9,2301.79333333333
42272393,New,3.0,1,785.67
42432226,Premium,3.0,4,442.945
42781544,New,3.0,4,2797.62
42872865,Inactive,3.0,1,474.34
43034188,Inactive,3.0,4,1856.82
43066953,Regular,3.0,1,2839.24
43459807,Premium,3.0,1,123.74
44198187,Regular,3.0,1,2313.22
45028365,Regular,3.0,4,3175.875
45323391,New,3.0,9,2554.75666666667
46023497,Premium,3.0,1,325.08
46088132,New,3.0,1,242.57
46515922,Regular,3.0,1,3639.83
46675763,New,3.0,4,2101.41
46682777,Inactive,3.0,1,765.76
46684081,Premium,3.0,1,1131.6
46848302,Premium,3.0,4,1930.515
47295676,New,3.0,4,2136.81
47590944,New,3.0,9,2147.01666666667
47822591,Regular,3.0,1,3090.86
48228547,Inactive,3.0,16,1895.8425
48730063,New,3.0,4,1736.51
48765625,Inactive,3.0,1,1172.69
48776805,Premium,3.0,9,3090.98666666667
49050014,Premium,3.0,4,3331.375
49449238,Inactive,3.0,4,3591.46
49869358,Regular,3.0,1,367.08
49881540,Inactive,3.0,4,973.525
49915498,Premium,3.0,1,3928.0
49985597,Regular,3.0,4,3794.555
50392139,Inactive,3.0,1,1711.61
50557979,Premium,3.0,16,1383.695
50572914,Regular,3.0,4,1952.96
50680889,New,3.0,1,2783.74
51014003,Regular,3.0,4,4616.195
51174875,Inactive,3.0,4,2227.055
51557673,New,3.0,1,4360.12
51592174,New,3.0,9,2376.02333333333
52032226,Premium,3.0,4,2243.115
52048413,Inactive,3.0,1,1705.95
52215833,Regular,3.0,4,2536.87
52279849,Regular,3.0,1,2411.61
52672659,Regular,3.0,1,1416.18
52678787,New,3.0,1,3045.23
52815265,New,3.0,1,171.2
53299455,Premium,3.0,9,2278.86
53399500,Regular,3.0,1,1063.23
54038173,Premium,3.0,1,2490.79
54222320,Regular,3.0,4,2201.05
54338574,Premium,3.0,4,1685.025
54797119,Premium,3.0,9,1499.62
54923640,Inactive,3.0,36,2082.65833333333
55028958,New,3.0,9,2538.15
55278329,Inactive,3.0,1,552.2
55404382,Premium,3.0,4,1263.755
56248757,Premium,3.0,1,464.47
56352626,Regular,3.0,1,1367.96
57213543,Regular,3.0,1,1277.83
57217288,Regular,3.0,1,3297.69
57392064,Regular,3.0,16,1856.4125
57579640,Premium,3.0,1,2687.31
57765367,Premium,3.0,4,1631.17
57770044,Regular,3.0,4,856.41
58513300,Premium,3.0,4,1135.79
58644651,New,3.0,9,2127.28666666667
59095971,Inactive,3.0,1,4650.66
59197894,Inactive,3.0,1,723.44
59240916,Inactive,3.0,4,3335.545
59643062,Inactive,3.0,1,3566.13
59840071,Inactive,3.0,4,2894.94
60446619,Regular,3.0,4,2230.38
60591625,New,3.0,1,906.54
60728956,Premium,3.0,1,1525.5
60732869,New,3.0,9,2030.06333333333
60904312,Regular,3.0,9,2607.8
61522288,New,3.0,4,1251.42
61851054,Regular,3.0,4,2007.755
61877649,Premium,3.0,9,2500.79666666667
62679120,Regular,3.0,9,3372.38333333333
62807542,Premium,3.0,4,1458.27
62917794,Regular,3.0,4,1312.14
63025744,Regular,3.0,1,477.12
63376126,Inactive,3.0,1,1592.28
63402854,New,3.0,4,810.26
63971358,Regular,3.0,9,1994.12
64017365,Premium,3.0,1,4138.27
64298209,Regular,3.0,1,4074.16
65221572,New,3.0,1,2319.65
66130660,New,3.0,4,1368.0
66354642,Premium,3.0,4,3153.43
66710182,Inactive,3.0,1,2094.62
66932104,Premium,3.0,16,1361.5875
67046342,New,3.0,1,932.79
67465084,Premium,3.0,4,1188.54
67896836,New,3.0,1,1080.49
67908555,New,3.0,16,2846.96
68063317,Inactive,3.0,4,497.885
68159723,New,3.0,16,3858.6025
68219091,Regular,3.0,9,2023.26
68475914,Inactive,3.0,4,1502.625
68906393,Regular,3.0,1,2200.67
68939350,Premium,3.0,1,1793.45
69034027,Regular,3.0,1,832.06
69276352,Inactive,3.0,4,548.88
69353754,Premium,3.0,1,841.61
69364309,Regular,3.0,4,3478.0
69632084,Premium,3.0,4,2328.635
69762479,New,3.0,1,3373.0
70168151,Regular,3.0,4,3997.01
70170606,Premium,3.0,1,2054.08
70220141,Premium,3.0,9,788.39
70459847,Premium,3.0,4,2880.515
70608515,Inactive,3.0,4,3400.55
70798876,New,3.0,4,2190.22
71235336,Regular,3.0,1,3561.22
71321741,Regular,3.0,4,1479.875
71411879,Regular,3.0,1,426.72
71607166,Inactive,3.0,4,1908.215
71615827,Premium,3.0,4,1502.02
71694275,Regular,3.0,9,3455.25666666667
72164737,Premium,3.0,1,4216.31
72667140,Premium,3.0,1,5768.29
72675976,Premium,3.0,1,831.43
72889295,New,3.0,9,2004.04666666667
73061709,Premium,3.0,4,1884.495
73639935,Inactive,3.0,4,2587.345
73679086,New,3.0,1,197.39
73933840,Regular,3.0,1,3936.23
74174956,Regular,3.0,9,1692.25666666667
74231111,Premium,3.0,4,2244.23
74548003,Regular,3.0,1,212.14
74761384,Premium,3.0,4,1452.8
74833221,Regular,3.0,1,2926.98
75474920,Regular,3.0,4,2086.97
75828735,New,3.0,1,5094.56
75984768,Regular,3.0,4,3346.42
76212152,Premium,3.0,9,2176.45
76917159,Premium,3.0,25,2559.024
77015367,Regular,3.0,4,1211.085
77086074,Regular,3.0,1,707.67
77220027,Premium,3.0,1,874.78
77862447,New,3.0,9,1212.56333333333
77921718,Premium,3.0,4,2530.29
77961205,Premium,3.0,9,1405.46
78014505,New,3.0,1,2926.42
78209683,Premium,3.0,1,3051.04
78412820,New,3.0,4,1566.15
78614729,New,3.0,4,1714.825
78750264,Inactive,3.0,1,461.74
78806824,Premium,3.0,9,2651.06
78841932,Inactive,3.0,4,2683.14
78961097,Inactive,3.0,1,4040.38
79169760,New,3.0,4,1665.29
79672044,New,3.0,9,2550.13666666667
79895967,Regular,3.0,16,2530.09
80499378,Inactive,3.0,1,825.46
80759416,Premium,3.0,1,3299.24
80858127,Premium,3.0,1,3393.32
80952275,New,3.0,1,1385.54
81046421,Inactive,3.0,1,1114.77
81136091,Regular,3.0,1,4759.44
81174361,Inactive,3.0,1,2474.23
81337068,Regular,3.0,9,2949.79
81352781,Regular,3.0,1,2638.38
81377917,Inactive,3.0,1,2699.14
81420960,Inactive,3.0,9,2608.63666666667
81528623,Premium,3.0,4,905.015
81757554,Premium,3.0,16,3006.5975
81763298,Premium,3.0,4,2226.995
81808190,Inactive,3.0,16,3073.415
82322028,New,3.0,1,2930.91
82898985,Regular,3.0,1,4768.12
82948843,Regular,3.0,4,4409.01
82989313,Inactive,3.0,9,2476.47
83058329,Inactive,3.0,1,275.03
83236183,New,3.0,9,3233.39333333333
83304571,New,3.0,16,1085.9775
83588803,New,3.0,1,3207.16
83597876,Premium,3.0,4,1474.185
84641682,Inactive,3.0,4,2229.63
84850688,Inactive,3.0,4,2595.09
84929351,Regular,3.0,1,5473.26
84986716,Regular,3.0,1,3196.92
85072416,New,3.0,4,2569.33
85218071,New,3.0,4,2567.96
85476508,Inactive,3.0,1,3410.49
85747175,Premium,3.0,1,1705.25
86050297,Inactive,3.0,1,703.11
86995126,New,3.0,9,1624.36
87213891,New,3.0,1,4110.56
87220860,Regular,3.0,4,4965.95
87251489,Premium,3.0,9,1838.12333333333
87954926,Premium,3.0,4,2527.23
88045094,Premium,3.0,16,1891.835
88520326,Premium,3.0,9,3793.57666666667
88684966,New,3.0,1,2024.16
88843865,Regular,3.0,1,2033.74
89531595,Regular,3.0,16,2109.87
89867195,Premium,3.0,1,3494.42
89910157,New,3.0,25,2423.022
90298394,Regular,3.0,9,1024.78
90372221,Regular,3.0,4,1430.785
90448312,Inactive,3.0,36,1512.745
90856813,Regular,3.0,4,2075.125
91024604,Inactive,3.0,9,2760.37333333333
91072336,Premium,3.0,1,1435.7
91130614,Inactive,3.0,4,2304.975
91144803,Regular,3.0,4,2868.085
91448742,Regular,3.0,9,1350.57333333333
91614690,Premium,3.0,1,3551.54
91789216,New,3.0,1,1332.79
91791128,Regular,3.0,4,2019.78
92118758,Regular,3.0,1,5067.85
92209869,Regular,3.0,4,2926.125
92416428,Regular,3.0,9,3208.73333333333
92583164,Premium,3.0,1,534.55
92642745,Regular,3.0,9,3671.82
92843141,Premium,3.0,1,4371.79
93122847,Regular,3.0,9,1987.38
93458307,Inactive,3.0,1,1119.19
94033330,Regular,3.0,16,943.1125
94430842,New,3.0,1,2163.71
94706375,Regular,3.0,1,2600.22
95001589,Regular,3.0,4,1170.575
95558510,Inactive,3.0,1,778.27
95594611,Regular,3.0,1,2490.28
95736310,Premium,3.0,1,3597.75
95873651,Inactive,3.0,9,2465.01333333333
96171594,Regular,3.0,1,1513.03
96628029,Premium,3.0,4,1132.71
97259564,Premium,3.0,4,1650.37
97277696,Premium,3.0,1,933.3
97388817,Regular,3.0,1,39.65
97475543,Premium,3.0,16,3078.9775
97825663,Regular,3.0,25,2638.576
97928541,New,3.0,1,2983.11
98152679,Regular,3.0,4,1452.69
99156138,Regular,3.0,1,4116.32
99361865,New,3.0,9,2620.53
99406165,Premium,3.0,4,1076.355
99412119,New,3.0,1,2721.96
99707100,Inactive,3.0,9,3237.72666666667
10562528,Premium,2.85714285714286,49,1578.58714285714
9274874,Regular,2.83333333333333,36,620.17
20956158,Premium,2.83333333333333,36,1646.69666666667
41640262,Inactive,2.83333333333333,36,2126.79
7728406,Inactive,2.8,25,1918.144
11446157,Inactive,2.8,25,3062.246
21658322,Regular,2.8,25,1288.448
29973346,Premium,2.8,25,2605.504
46504355,Regular,2.8,25,2683.902
64141971,Premium,2.8,25,2503.298
98088303,New,2.8,25,2351.918
6637282,Inactive,2.75,16,1544.155
11202130,Premium,2.75,16,2436.8325
20238921,Premium,2.75,16,1426.135
21697638,New,2.75,16,1049.2725
24821281,Regular,2.75,16,2223.6125
29584848,Premium,2.75,16,2572.8675
32830199,Premium,2.75,16,1917.225
37691544,Inactive,2.75,16,2251.6975
44149982,New,2.75,16,1996.125
46875863,Regular,2.75,16,1862.595
52085702,New,2.75,16,3030.015
59436131,New,2.75,16,2339.8075
63262519,Regular,2.75,16,1884.1875
66943324,Premium,2.75,16,2176.84
67215939,New,2.75,16,3692.8975
74179536,Inactive,2.75,16,1822.6025
74682740,Regular,2.75,16,2265.6325
78725001,Regular,2.75,16,1452.305
83701325,Premium,2.75,16,1651.25
85198177,Premium,2.75,16,2915.0475
90150193,Inactive,2.75,16,2129.77
91243571,Inactive,2.75,16,3330.72
93507573,Premium,2.75,16,1232.645
95364457,Premium,2.75,16,2128.2175
25128143,Premium,2.71428571428571,49,2519.83285714286
93018527,New,2.71428571428571,49,1360.15571428571
1697604,Regular,2.66666666666667,9,2819.56
4439806,New,2.66666666666667,9,2826.0
5386246,Inactive,2.66666666666667,9,2906.47666666667
5754255,Inactive,2.66666666666667,9,979.646666666667
6061349,Regular,2.66666666666667,9,3074.33666666667
6459100,Premium,2.66666666666667,9,1714.39666666667
7333934,New,2.66666666666667,9,1442.54333333333
12305040,Regular,2.66666666666667,9,2936.40333333333
12574626,Inactive,2.66666666666667,9,1785.55666666667
19182548,Regular,2.66666666666667,9,1893.11333333333
22112867,Regular,2.66666666666667,9,2534.71666666667
25641500,Premium,2.66666666666667,9,2299.71333333333
30065862,Regular,2.66666666666667,9,2394.52
33741801,New,2.66666666666667,9,3280.15333333333
45700473,Inactive,2.66666666666667,9,3340.04333333333
46717997,New,2.66666666666667,9,3459.81666666667
47577193,Premium,2.66666666666667,9,2001.13
48358028,Premium,2.66666666666667,9,1958.35
48554440,Regular,2.66666666666667,9,2652.96333333333
55425478,Inactive,2.66666666666667,9,2486.17666666667
56548063,New,2.66666666666667,9,2535.63666666667
56572297,Inactive,2.66666666666667,9,3906.33666666667
57291761,Regular,2.66666666666667,36,2369.34666666667
58111297,Regular,2.66666666666667,9,2684.61
59890331,Premium,2.66666666666667,9,4376.25
60385293,Premium,2.66666666666667,9,2705.32666666667
60757351,Premium,2.66666666666667,9,2096.29666666667
63793401,Regular,2.66666666666667,9,1945.52
64940409,Inactive,2.66666666666667,9,2219.50333333333
65134271,Premium,2.66666666666667,9,1631.89333333333
65294340,New,2.66666666666667,9,2511.82666666667
66768157,Inactive,2.66666666666667,9,2465.34666666667
67277562,Inactive,2.66666666666667,9,1696.62666666667
67340606,Premium,2.66666666666667,9,2438.29666666667
67696145,Regular,2.66666666666667,9,2849.71
72946405,Premium,2.66666666666667,9,1670.89
73392739,New,2.66666666666667,9,3709.90333333333
77869660,Premium,2.66666666666667,81,2116.99333333333
78157360,Regular,2.66666666666667,9,913.233333333333
79591237,Premium,2.66666666666667,9,1552.17333333333
81906973,New,2.66666666666667,9,3624.9
84456355,New,2.66666666666667,9,3499.11333333333
85006599,Inactive,2.66666666666667,9,1388.78
85763665,Premium,2.66666666666667,9,1737.87666666667
85907588,Inactive,2.66666666666667,9,1301.03
86444757,New,2.66666666666667,9,3295.12666666667
87200291,Inactive,2.66666666666667,9,1834.31
87718744,Regular,2.66666666666667,9,2900.54666666667
89617089,New,2.66666666666667,9,2799.97333333333
89986926,New,2.66666666666667,9,2358.36333333333
91382237,Regular,2.66666666666667,9,1839.82666666667
92027021,Inactive,2.66666666666667,9,1993.92666666667
97492493,Inactive,2.66666666666667,9,3043.32666666667
97873848,Regular,2.66666666666667,9,1975.47333333333
98687927,Premium,2.66666666666667,9,2624.22333333333
99734256,Premium,2.66666666666667,9,2857.29666666667
16420489,New,2.6,25,2852.464
51661209,New,2.6,25,1793.382
67386193,Regular,2.6,25,1278.562
84468124,Premium,2.6,25,2182.844
85518832,Premium,2.6,25,2270.616
91196901,Premium,2.6,25,3771.222
1469696,Premium,2.5,4,1736.24
2442235,Premium,2.5,4,1873.65
2457734,Premium,2.5,16,1686.08
3786105,New,2.5,4,2896.86
3999964,Premium,2.5,4,2967.865
5418547,Regular,2.5,4,1316.78
5712468,Inactive,2.5,4,1640.2
7591711,Regular,2.5,16,1826.4475
8383197,New,2.5,4,2422.215
9097480,Premium,2.5,4,2827.8
9573071,New,2.5,16,2150.255
9796585,Inactive,2.5,4,660.55
10038382,Inactive,2.5,4,3165.52
10855630,Premium,2.5,4,2500.505
10951674,Inactive,2.5,4,1055.165
11705793,New,2.5,4,3369.68
12077371,Premium,2.5,16,1960.515
12507907,Regular,2.5,4,1042.56
12988801,New,2.5,4,2289.995
13871547,Premium,2.5,4,1698.19
14161586,Premium,2.5,4,4195.77
14974554,New,2.5,4,1999.79
14991661,New,2.5,4,2138.57
15661674,Regular,2.5,4,2658.555
15661901,Regular,2.5,4,1710.285
17287733,Premium,2.5,4,2520.555
17390673,Regular,2.5,4,944.335
18199057,Inactive,2.5,4,1632.015
19741509,Regular,2.5,16,2675.0175
20148223,Inactive,2.5,36,1310.88333333333
22076522,Regular,2.5,16,2383.5375
22800586,New,2.5,16,1535.8975
23844919,Regular,2.5,4,1883.61
24456825,Inactive,2.5,4,2661.72
25081012,New,2.5,4,3463.165
25221501,Regular,2.5,4,995.475
26521850,New,2.5,4,547.73
27878182,Inactive,2.5,4,2571.2
28603182,New,2.5,4,2899.76
29272253,New,2.5,16,1557.475
30979436,Regular,2.5,4,1079.635
31084686,Regular,2.5,4,3047.33
31846190,New,2.5,4,2164.97
32003512,Premium,2.5,4,2467.36
33544355,Premium,2.5,4,2917.975
34526570,New,2.5,4,592.76
35690581,Inactive,2.5,4,2995.285
35782051,New,2.5,4,3525.06
37702698,New,2.5,4,2536.96
38496400,Premium,2.5,4,1851.845
38808614,Premium,2.5,4,3603.7
39418109,Inactive,2.5,4,2458.47
40387944,Regular,2.5,4,1320.63
40841791,New,2.5,4,3113.485
41811800,Regular,2.5,4,1091.74
41972994,Inactive,2.5,4,2495.155
42208242,Regular,2.5,16,2287.9075
44477365,Regular,2.5,4,2338.425
44776601,Regular,2.5,4,1839.155
46741896,Premium,2.5,16,2009.54
47618810,Inactive,2.5,4,1874.49
48418662,Premium,2.5,16,1414.2125
49371494,Regular,2.5,4,1063.095
50760752,New,2.5,4,1884.995
51034600,Inactive,2.5,4,1414.28
51945420,Premium,2.5,4,3188.54
52613657,New,2.5,4,2864.075
53354003,New,2.5,4,934.76
53974737,New,2.5,4,2486.53
54885705,Premium,2.5,4,351.77
54893418,Premium,2.5,4,2330.03
56604077,Regular,2.5,4,1934.69
57956497,Inactive,2.5,4,2378.82
58115779,Regular,2.5,4,483.075
58974323,New,2.5,4,2824.485
58979427,Premium,2.5,4,3107.885
60319216,Premium,2.5,4,3070.09
60620291,Regular,2.5,4,2050.775
63858550,Premium,2.5,4,1233.53
65426878,Regular,2.5,4,4349.65
66359719,Regular,2.5,4,2009.62
67711384,Premium,2.5,4,4696.195
68692574,Inactive,2.5,4,2813.515
68714053,New,2.5,4,1154.51
69416782,Regular,2.5,4,1877.745
71229024,New,2.5,4,1728.84
71956734,New,2.5,4,2579.29
72263318,Inactive,2.5,4,1747.275
72576730,Regular,2.5,4,1432.875
72857290,Inactive,2.5,4,1232.155
75860724,Premium,2.5,4,1002.335
76533277,New,2.5,4,2661.105
76850859,Inactive,2.5,16,1988.1775
77085443,Regular,2.5,4,2254.725
77768189,Regular,2.5,4,4615.805
79695653,Regular,2.5,4,1975.245
79919160,Premium,2.5,4,2603.665
79960955,New,2.5,4,2393.66
80315623,New,2.5,4,2685.615
81088747,Regular,2.5,4,1114.29
81183415,Regular,2.5,4,2925.595
83867512,Inactive,2.5,4,2470.46
86487478,Premium,2.5,4,3241.165
86715467,Inactive,2.5,4,3619.005
88517890,Premium,2.5,4,2149.57
88739922,Regular,2.5,16,2823.48
89476734,Inactive,2.5,4,4305.27
89669139,Premium,2.5,16,2604.3975
89968482,Regular,2.5,16,3152.7925
90038364,Regular,2.5,4,2362.495
90246977,Premium,2.5,16,2366.39
91312072,Inactive,2.5,4,1401.0
92356639,Inactive,2.5,16,2991.705
93318833,New,2.5,4,2259.68
94281220,Regular,2.5,4,708.85
95309983,New,2.5,4,2472.05
95768401,Inactive,2.5,4,1365.5
96001315,Inactive,2.5,4,2427.12
96253172,Inactive,2.5,16,2204.0625
97315135,New,2.5,4,1811.54
97419742,Inactive,2.5,4,4264.955
98540377,Regular,2.5,16,1550.4425
98691989,Regular,2.5,4,1537.715
9278983,Inactive,2.4,25,1813.67
5716817,Inactive,2.33333333333333,9,2374.11
9450435,Regular,2.33333333333333,9,2406.92
10418604,New,2.33333333333333,9,2793.92666666667
11254582,Inactive,2.33333333333333,9,1463.12
12755730,Regular,2.33333333333333,9,2581.79
13581527,New,2.33333333333333,9,1844.36
19067680,New,2.33333333333333,9,2267.23333333333
21677923,New,2.33333333333333,9,3390.43
24043135,Inactive,2.33333333333333,9,1386.73
24137201,New,2.33333333333333,9,2737.36
26752630,Inactive,2.33333333333333,9,1408.45333333333
27513158,New,2.33333333333333,9,2317.34666666667
30192942,Premium,2.33333333333333,9,4038.08
35358395,Inactive,2.33333333333333,9,2098.79333333333
39042103,Regular,2.33333333333333,9,2539.93
45804389,Inactive,2.33333333333333,9,2946.3
49795571,Premium,2.33333333333333,9,1310.30666666667
54952806,Regular,2.33333333333333,9,2132.16
60967677,Premium,2.33333333333333,9,3595.3
65406127,Premium,2.33333333333333,9,1821.59666666667
66135710,New,2.33333333333333,9,1919.15
70589930,Premium,2.33333333333333,9,1902.24333333333
72605638,Inactive,2.33333333333333,9,1148.18333333333
78678612,Premium,2.33333333333333,9,2186.59666666667
80875034,Inactive,2.33333333333333,9,1649.45
84119685,Inactive,2.33333333333333,9,1976.88333333333
84161531,Premium,2.33333333333333,9,2063.15666666667
93198324,Inactive,2.33333333333333,9,2284.17333333333
96629258,Inactive,2.33333333333333,9,2305.26333333333
5961261,Premium,2.25,16,1802.7175
27698051,Premium,2.25,16,1691.1875
33481252,Premium,2.25,16,2429.38
59094034,Regular,2.25,16,2269.7825
31813,Regular,2.0,4,2863.02
408590,Regular,2.0,1,1217.39
966247,Inactive,2.0,1,3110.34
2136830,New,2.0,1,4369.13
3468355,New,2.0,1,367.08
4862761,Premium,2.0,4,1658.595
5700842,Regular,2.0,1,419.13
7076456,Regular,2.0,4,3750.36
7378768,New,2.0,4,793.62
8733344,Premium,2.0,4,2136.035
8886587,Regular,2.0,1,2023.82
9419030,Inactive,2.0,1,1973.65
10508763,Premium,2.0,4,1198.375
10605484,Inactive,2.0,4,1798.76
10663246,Regular,2.0,4,2410.91
10686446,New,2.0,1,2505.6
12090436,Regular,2.0,1,834.86
13122744,Regular,2.0,1,2013.55
17749347,Premium,2.0,4,2019.83
17843667,New,2.0,1,1153.83
19375332,Regular,2.0,4,2802.07
22020776,Regular,2.0,1,4992.15
22047134,Inactive,2.0,9,2017.12333333333
22161071,New,2.0,1,2337.12
22524981,New,2.0,1,1333.69
22571994,Regular,2.0,1,1308.05
23081177,New,2.0,4,3270.44
23098216,New,2.0,1,3823.81
23755474,Premium,2.0,1,479.64
23961725,Regular,2.0,1,3804.98
23996221,Inactive,2.0,1,1663.27
24745800,Premium,2.0,1,3086.21
25659794,Inactive,2.0,1,5747.38
25665997,Regular,2.0,1,1306.86
26250082,New,2.0,1,1905.92
26805477,New,2.0,1,1520.7
26863280,Inactive,2.0,4,2199.51
28289030,Regular,2.0,1,2429.09
28394354,Regular,2.0,9,1870.91333333333
30788486,New,2.0,4,2345.905
31026200,New,2.0,9,2398.87
31622158,New,2.0,1,1682.78
32054313,Regular,2.0,16,2129.33
33280073,Inactive,2.0,1,989.77
33295496,Premium,2.0,1,3502.77
35402531,New,2.0,4,2890.65
35435896,Premium,2.0,1,1714.38
36578947,New,2.0,4,1428.725
36675827,Inactive,2.0,4,2802.715
36885115,Regular,2.0,1,1363.04
36998375,Inactive,2.0,4,2617.45
37759707,Premium,2.0,9,2773.07666666667
37802267,New,2.0,1,927.52
38133873,Premium,2.0,4,925.625
39150258,Inactive,2.0,1,1858.93
39317905,New,2.0,4,1908.425
39645619,Regular,2.0,1,1039.32
39959491,Premium,2.0,1,1685.01
39976965,Regular,2.0,4,1139.405
40643232,Regular,2.0,4,962.505
41181125,New,2.0,4,3003.575
42227189,Regular,2.0,4,1948.82
43052303,Premium,2.0,16,2784.545
43243913,Regular,2.0,1,993.86
44888581,Inactive,2.0,4,1145.775
45383958,New,2.0,1,1460.67
48281892,New,2.0,16,2961.27
48481702,Regular,2.0,1,3323.75
50080663,Inactive,2.0,9,3387.68333333333
50781611,Regular,2.0,9,2200.64333333333
51387106,New,2.0,1,1086.27
51670882,Inactive,2.0,25,1564.984
51994597,Regular,2.0,4,1086.655
54748429,New,2.0,4,3635.375
55170753,Inactive,2.0,4,951.355
55733729,Premium,2.0,1,959.01
57674875,Regular,2.0,4,1876.235
59485034,New,2.0,4,4751.905
60700850,Regular,2.0,4,1726.25
61024977,New,2.0,1,1705.98
62510499,Premium,2.0,4,2538.725
62816600,Inactive,2.0,1,3536.35
62828341,Inactive,2.0,1,1826.22
63349378,Regular,2.0,1,616.62
63630649,Premium,2.0,4,2463.17
64497538,Premium,2.0,16,2569.2425
65660660,Regular,2.0,4,1838.8
66440188,Premium,2.0,1,1019.38
68486301,Inactive,2.0,4,2655.845
68703613,Inactive,2.0,25,2627.134
69242672,Regular,2.0,4,3155.735
69749541,Premium,2.0,1,930.92
70084516,New,2.0,1,2662.16
70420271,New,2.0,1,22.14
70529459,Regular,2.0,9,1984.20666666667
70543108,Regular,2.0,4,2324.185
72415263,Regular,2.0,4,3285.59
74515162,New,2.0,1,1394.47
75464725,Inactive,2.0,4,2592.65
75944533,Inactive,2.0,1,316.02
76008165,Premium,2.0,1,1474.48
76925460,Regular,2.0,1,4636.88
77320193,Premium,2.0,1,852.02
79630614,Regular,2.0,4,871.195
80371626,New,2.0,4,2056.675
81605722,Regular,2.0,9,668.763333333333
82708090,Premium,2.0,1,1354.27
82804543,New,2.0,4,2358.415
82900175,New,2.0,4,2493.65
83577942,New,2.0,16,1665.37
84826389,Premium,2.0,1,1367.34
85474732,Premium,2.0,1,2389.83
85838438,Inactive,2.0,1,3870.66
87669943,Inactive,2.0,4,2705.53
89223620,Inactive,2.0,1,4144.84
89412038,New,2.0,1,3755.33
90743791,Inactive,2.0,1,4354.3
91602727,Inactive,2.0,1,968.94
91768226,Regular,2.0,1,2783.14
92091019,Regular,2.0,1,3117.45
94078407,Premium,2.0,1,2410.88
95269737,Regular,2.0,1,4731.51
95371787,New,2.0,4,2594.26
95858939,Regular,2.0,4,1414.3
96461062,Regular,2.0,1,4125.04
97141762,Regular,2.0,4,2005.37
97191387,Premium,2.0,1,4917.07
97928781,Inactive,2.0,4,2277.48
98241853,Premium,2.0,1,959.01
98246574,Premium,2.0,9,2471.04333333333
44409533,New,1.75,16,2913.2625
46185579,Premium,1.75,16,1970.72
46989310,Regular,1.75,16,1801.295
47274329,New,1.75,16,1670.88
49152878,Premium,1.75,16,1765.635
7288562,New,1.66666666666667,9,1555.7
40277444,New,1.66666666666667,9,2824.38666666667
46876240,Premium,1.66666666666667,9,2965.58666666667
49617892,New,1.66666666666667,9,3000.27333333333
76359458,New,1.66666666666667,9,1451.85
85074810,Regular,1.6,25,1142.788
2414265,New,1.5,4,2591.07
15487049,New,1.5,4,2568.885
22293666,New,1.5,4,2653.87
25713335,New,1.5,4,2584.425
28458746,New,1.5,4,1652.715
31537100,Regular,1.5,4,2152.31
34897081,Premium,1.5,4,2381.975
48160359,Premium,1.5,4,3094.47
55472026,New,1.5,4,1138.885
57474553,Regular,1.5,4,2620.275
60300263,New,1.5,4,3032.355
65618148,Inactive,1.5,4,2449.545
73661993,Inactive,1.5,4,857.55
75752515,Premium,1.5,4,4716.515
80833965,Inactive,1.5,4,3018.87
87266831,New,1.5,4,1172.475
91408854,New,1.5,4,3785.055
99490786,New,1.5,4,2509.51
18113428,Regular,1.25,16,2081.78
949062,Inactive,1.0,1,3558.14
1301661,Inactive,1.0,1,1395.67
2134827,New,1.0,1,805.28
2848415,Inactive,1.0,1,1233.33
3872421,Premium,1.0,1,163.03
6622751,Inactive,1.0,1,3090.15
7551173,New,1.0,1,3919.44
10210309,Inactive,1.0,1,2190.34
11387110,Premium,1.0,1,2922.5
11503405,Regular,1.0,1,2661.8
12184293,Inactive,1.0,1,4160.4
12302179,Premium,1.0,1,1497.01
13197985,Premium,1.0,1,1107.38
13415362,Inactive,1.0,1,1609.53
16448993,Inactive,1.0,1,328.51
17392512,Premium,1.0,1,361.89
22931642,New,1.0,1,5453.47
28991365,New,1.0,4,2839.605
31410886,Inactive,1.0,1,2272.72
31527100,Inactive,1.0,1,1742.0
32006907,Regular,1.0,1,2494.47
32426778,Inactive,1.0,1,4827.19
32929817,Regular,1.0,4,1977.7
33034249,Inactive,1.0,4,3277.36
35812567,Regular,1.0,1,3043.32
36462363,Inactive,1.0,1,261.03
37227953,Inactive,1.0,1,1735.7
39301587,Regular,1.0,1,236.51
40117357,New,1.0,1,2915.52
41439103,Premium,1.0,1,2655.22
43307488,Regular,1.0,1,261.03
43519553,Premium,1.0,1,1441.0
45033270,New,1.0,1,3702.6
46564935,Inactive,1.0,1,3751.55
47990044,New,1.0,1,77.11
50484778,Inactive,1.0,1,866.17
50652909,Regular,1.0,1,2232.88
51556553,Premium,1.0,1,1817.16
52862822,Regular,1.0,1,1487.29
52915166,Inactive,1.0,1,309.62
53815931,Inactive,1.0,1,267.29
54375571,Premium,1.0,1,1440.56
54680459,Regular,1.0,1,1075.43
54837637,Regular,1.0,1,385.71
55552600,Regular,1.0,1,2140.11
55936462,New,1.0,1,1179.35
58415368,New,1.0,1,2564.44
59427862,Premium,1.0,1,1036.64
61182897,Regular,1.0,1,3752.62
61226835,Premium,1.0,1,806.56
62526813,Inactive,1.0,1,2241.22
63092485,Premium,1.0,1,2457.47
63217390,Inactive,1.0,1,1634.92
63624332,Inactive,1.0,1,3588.19
64748953,Inactive,1.0,1,3157.47
65543312,New,1.0,1,1438.16
67528368,Premium,1.0,1,1031.19
67749649,Inactive,1.0,1,3778.41
69088723,New,1.0,1,1914.81
69340015,Premium,1.0,4,587.43
70243933,Regular,1.0,1,3559.69
71176678,Regular,1.0,1,397.68
71755645,Regular,1.0,1,3494.41
71767248,New,1.0,1,1324.37
72495274,New,1.0,1,2656.18
74038361,New,1.0,4,3781.855
74572121,Inactive,1.0,1,2840.82
74762653,Premium,1.0,1,3473.22
76202036,Inactive,1.0,1,284.69
78053306,Inactive,1.0,1,646.54
79942821,Premium,1.0,1,1746.31
80954112,New,1.0,1,3748.84
83348353,Inactive,1.0,1,1535.36
85177880,Regular,1.0,1,3340.2
86499778,Regular,1.0,1,1047.98
87256913,Regular,1.0,1,3869.92
89874335,New,1.0,1,2976.93
90753712,Regular,1.0,1,96.09
91320466,Premium,1.0,1,826.21
92604392,Premium,1.0,1,1015.0
93867669,Inactive,1.0,1,3235.64
97150234,New,1.0,4,2685.275
97174235,Regular,1.0,1,255.35
97484394,Inactive,1.0,1,1662.15
97509888,Inactive,1.0,1,735.43
99784559,Inactive,1.0,1,2527.14
